id,gender,age,hypertension,heart_disease,ever_married,work_type,Residence_type,avg_glucose_level,bmi,smoking_status,stroke
1000,1,57,1,0,0,2,1,149.93,14.0,2,0
1001,0,59,0,1,0,2,1,94.35,22.4,3,0
1002,0,58,0,0,0,2,0,71.76,40.2,2,0
1003,0,49,0,1,1,2,1,204.8,26.5,2,0
1004,1,44,0,0,1,2,0,79.74,33.5,3,0
1005,1,45,0,0,0,2,1,62.62,14.7,1,0
1006,1,44,0,0,1,2,1,209.13,21.9,0,0
1007,0,68,1,0,1,2,0,79.56,19.7,1,0
1008,0,58,1,0,1,4,1,107.94,27.2,2,0
1009,0,18,0,0,0,2,1,202.03,44.2,1,0
1010,1,59,0,1,1,2,1,196.92,31.5,0,1
1011,0,51,0,0,1,3,1,99.19,39.5,0,0
1012,0,47,1,0,0,2,1,80.77,26.8,2,0
1013,1,41,0,0,1,2,1,117.87,37.4,1,0
1014,1,68,0,0,1,2,0,90.65,42.0,0,0
1015,1,65,1,0,1,2,0,94.53,27.8,2,1
1016,1,34,0,0,1,2,0,80.26,25.0,2,0
1017,0,55,1,0,1,2,1,215.13,19.9,2,0
1018,0,30,0,0,1,2,0,97.16,26.5,3,0
1019,1,23,0,0,0,3,1,221.96,29.0,1,1
1020,0,36,1,1,0,2,0,78.16,41.7,2,0
1021,1,63,0,0,1,2,0,68.42,20.1,3,0
1022,1,65,0,0,1,2,1,70.95,28.9,2,0
1023,1,57,0,0,1,0,0,107.94,16.7,3,0
1024,0,61,1,0,1,2,0,80.8,25.7,1,1
1025,0,57,0,0,0,0,0,184.78,30.5,1,0
1026,1,36,0,0,0,0,1,111.76,31.8,2,0
1027,0,55,0,0,1,2,0,73.17,32.3,3,0
1028,0,62,1,0,1,2,0,79.1,31.1,1,0
1029,1,61,0,0,1,2,1,78.47,32.3,1,0
1030,0,69,0,0,1,2,0,114.27,28.8,3,1
1031,1,60,0,0,0,2,1,235.6,21.7,3,1
1032,1,54,1,0,1,2,1,101.27,16.5,2,0
1033,0,67,0,1,1,2,0,101.75,24.9,2,1
1034,0,47,0,0,1,2,0,159.66,27.6,2,0
1035,0,32,0,0,1,0,0,168.47,36.7,3,0
1036,1,45,0,0,1,2,0,94.02,27.8,3,0
1037,1,34,1,1,1,4,1,102.8,27.2,0,0
1038,0,35,0,0,0,4,1,88.42,31.0,0,0
1039,0,45,0,0,1,4,0,177.31,26.7,0,0
1040,1,33,0,0,1,0,1,114.95,33.8,2,0
1041,0,42,0,0,1,2,0,98.1,41.4,2,0
1042,1,18,0,0,0,2,0,111.77,42.7,0,0
1043,0,51,0,0,1,2,1,93.83,29.1,2,0
1044,1,48,0,0,0,2,1,77.27,30.7,1,0
1045,0,33,0,0,0,0,0,193.96,38.8,2,0
1046,1,59,0,0,0,1,0,185.53,27.5,0,0
1047,0,64,0,0,1,2,0,80.6,32.9,1,0
1048,0,19,1,0,0,2,0,73.39,21.1,2,0
1049,1,34,0,0,1,2,1,108.02,26.5,3,0
1050,0,34,0,0,1,2,1,81.83,36.0,2,0
1051,0,31,0,0,1,2,1,167.04,23.8,0,0
1052,0,62,0,1,1,2,1,94.44,27.7,2,0
1053,0,44,0,0,0,0,1,81.18,18.3,3,0
1054,0,43,1,0,1,2,1,111.76,41.5,2,0
1055,0,18,0,0,0,4,1,73.24,36.7,0,0
1056,1,59,1,0,1,3,1,93.92,29.7,0,0
1057,1,25,0,0,0,0,1,93.69,31.8,0,0
1058,1,49,0,0,1,2,0,89.19,31.1,0,0
1059,1,52,1,0,1,0,0,70.55,37.5,2,0
1060,1,72,0,0,1,3,1,103.06,25.1,0,0
1061,1,24,1,0,0,2,0,101.15,33.3,3,0
1062,0,18,0,0,0,2,1,79.87,35.5,0,0
1063,1,51,1,0,0,4,0,243.96,36.4,3,1
1064,1,80,1,0,0,2,1,95.62,14.0,2,1
1065,0,70,0,0,1,2,0,197.84,24.6,3,1
1066,1,51,0,0,1,2,1,77.19,21.9,2,0
1067,0,39,0,0,1,3,0,107.07,29.5,3,0
1068,1,62,0,0,1,0,1,94.64,15.4,1,0
1069,0,30,0,0,1,2,0,81.54,15.2,2,0
1070,0,56,0,1,1,2,1,153.58,42.6,0,1
1071,1,57,0,0,1,4,1,82.27,32.5,0,0
1072,1,67,1,0,1,0,0,83.33,29.3,0,0
1073,0,90,0,1,0,4,1,181.04,30.9,0,1
1074,0,55,0,0,1,2,0,63.87,29.5,3,0
1075,0,38,0,0,1,2,1,107.1,35.0,3,0
1076,0,47,0,0,1,2,1,104.56,24.4,2,0
1077,1,18,0,0,0,3,0,70.9,29.7,0,0
1078,1,35,0,0,1,2,1,92.04,30.0,0,0
1079,1,40,1,0,1,2,1,76.47,28.4,0,0
1080,0,38,1,0,1,2,0,221.43,36.8,0,0
1081,0,50,0,0,0,2,0,227.58,25.6,3,1
1082,1,33,0,0,0,0,0,83.58,35.1,1,0
1083,1,68,0,0,1,2,1,120.04,29.2,0,0
1084,1,48,0,0,1,3,1,83.4,39.1,1,0
1085,1,47,0,0,1,4,1,77.88,21.7,3,0
1086,0,42,0,0,0,2,1,78.56,21.4,2,0
1087,0,50,0,0,1,3,0,216.95,22.6,3,1
1088,0,62,0,0,1,4,1,205.4,29.4,0,1
1089,0,32,0,0,1,4,1,78.56,38.5,3,0
1090,1,36,1,0,1,2,1,111.7,38.9,1,0
1091,0,42,0,0,0,2,0,93.66,14.0,2,0
1092,0,23,0,0,0,2,0,92.88,30.1,3,0
1093,0,33,1,0,1,3,0,121.98,14.0,0,0
1094,0,39,0,0,1,3,1,93.7,33.7,2,0
1095,0,63,0,0,1,3,0,79.38,35.8,2,0
1096,0,52,0,0,0,2,0,85.77,28.2,2,0
1097,0,51,1,0,0,2,1,72.97,29.0,0,0
1098,1,63,1,1,1,3,1,189.24,29.0,3,0
1099,1,45,0,0,1,2,1,98.62,28.4,0,0
1100,1,55,0,1,1,3,1,106.87,31.3,3,1
1101,0,46,1,1,1,2,0,108.19,27.0,1,1
1102,1,52,0,0,1,2,1,83.79,34.5,0,0
1103,0,37,0,0,1,2,1,204.43,27.8,2,0
1104,0,18,1,0,0,2,0,89.22,22.9,1,0
1105,1,45,0,1,1,2,0,184.67,18.5,1,0
1106,1,73,0,0,1,2,0,92.47,16.4,2,0
1107,0,64,0,1,0,2,1,106.98,37.0,2,1
1108,1,65,0,0,1,2,1,87.48,25.5,2,0
1109,1,70,0,1,1,2,1,92.25,30.7,2,0
1110,1,49,1,0,1,0,1,88.59,40.1,2,1
1111,1,51,1,0,1,2,1,248.33,28.4,0,1
1112,0,36,1,0,1,3,0,79.98,24.4,2,0
1113,0,42,0,0,1,3,1,57.05,27.6,2,0
1114,0,59,1,1,0,3,1,97.06,28.7,2,0
1115,0,69,1,0,1,4,1,104.82,40.8,3,1
1116,0,45,0,0,1,2,0,96.7,38.7,3,0
1117,1,39,0,0,1,0,0,80.4,32.5,0,0
1118,0,48,0,0,1,4,0,72.97,37.9,0,0
1119,0,58,1,0,1,4,1,97.42,27.3,2,0
1120,0,22,0,0,0,2,1,92.12,30.4,2,0
1121,0,18,0,0,0,2,1,88.11,26.5,2,0
1122,1,38,0,0,1,2,1,117.34,20.1,0,0
1123,1,26,0,0,0,3,0,171.9,36.3,3,0
1124,1,38,0,0,1,3,0,184.53,32.0,2,0
1125,0,45,0,0,1,2,0,90.48,28.6,2,0
1126,0,39,0,0,1,2,0,62.47,28.5,1,0
1127,0,74,0,0,1,3,0,87.31,18.7,2,1
1128,1,53,1,0,0,2,1,104.39,22.1,0,0
1129,0,53,0,0,1,0,0,189.32,30.7,3,0
1130,1,59,0,0,0,0,1,204.72,25.1,3,0
1131,1,27,0,1,0,2,0,165.1,28.4,1,0
1132,1,66,0,1,0,3,1,77.14,27.8,2,0
1133,1,46,0,0,1,2,1,97.38,24.1,3,0
1134,0,60,0,0,1,2,0,101.6,22.2,0,0
1135,1,28,1,1,0,4,1,74.16,18.0,2,0
1136,0,20,0,0,0,4,1,79.41,27.5,1,0
1137,0,62,1,0,1,2,1,101.35,32.5,0,1
1138,1,54,1,0,1,2,1,77.12,17.8,2,0
1139,0,31,0,0,1,2,0,73.77,28.3,1,0
1140,0,32,0,1,0,2,0,119.15,30.3,2,0
1141,1,68,0,0,1,2,1,95.28,22.1,0,0
1142,0,26,1,0,0,2,1,169.64,37.7,2,0
1143,1,77,1,0,1,2,0,199.53,26.0,3,1
1144,1,31,0,0,1,2,1,200.58,27.8,2,0
1145,1,59,1,1,1,2,1,214.09,27.5,2,0
1146,0,42,0,0,1,4,1,75.39,17.0,0,0
1147,0,58,1,0,1,3,0,60.72,35.1,3,0
1148,1,38,1,0,0,2,1,96.83,22.3,0,0
1149,1,45,0,0,1,2,1,88.34,27.0,1,0
1150,0,48,0,0,1,2,1,79.35,32.4,1,0
1151,1,29,0,0,0,2,1,204.98,38.0,0,0
1152,1,61,0,0,1,2,0,102.59,21.5,2,0
1153,0,38,1,0,0,0,1,56.88,25.6,2,0
1154,0,43,0,0,0,3,1,80.21,37.5,2,0
1155,1,30,0,0,1,3,1,124.76,31.5,2,0
1156,0,18,0,0,0,2,1,98.75,32.9,2,0
1157,0,44,1,0,1,4,0,100.14,21.7,0,0
1158,1,90,1,0,0,4,0,107.59,26.0,0,0
1159,0,62,0,0,1,2,1,200.46,28.4,0,0
1160,1,47,0,0,1,2,1,101.95,22.9,0,0
1161,0,43,1,0,0,2,1,100.77,17.6,1,1
1162,0,48,1,0,1,2,0,98.09,25.2,2,0
1163,0,57,0,0,0,3,0,85.17,37.3,3,0
1164,1,26,0,0,0,2,1,92.58,28.9,0,0
1165,0,68,0,0,1,2,0,81.17,37.4,1,1
1166,1,60,0,1,0,2,0,175.62,29.7,1,0
1167,1,60,0,0,1,2,0,72.47,23.5,2,0
1168,1,55,1,1,1,4,1,78.14,36.8,1,0
1169,0,48,0,0,1,2,1,190.96,29.9,1,0
1170,0,60,1,0,1,3,1,194.5,34.8,2,0
1171,1,58,0,0,1,2,0,82.42,21.6,0,0
1172,0,41,0,0,0,3,0,87.54,35.3,2,0
1173,1,37,0,0,1,2,0,96.03,35.4,0,0
1174,0,49,0,0,1,3,1,104.24,30.4,2,0
1175,1,75,0,1,1,2,1,83.04,23.3,0,1
1176,0,25,0,0,0,2,1,200.16,28.2,1,0
1177,1,21,0,0,0,2,0,104.08,32.5,0,0
1178,0,50,0,1,0,2,1,97.56,30.0,2,0
1179,1,48,0,0,1,4,1,92.3,32.4,3,0
1180,1,51,1,1,1,2,0,209.41,35.1,0,1
1181,1,52,0,0,1,2,1,107.81,24.3,2,0
1182,0,43,1,1,1,2,1,108.35,21.0,2,1
1183,0,74,0,0,1,4,1,110.02,28.3,2,0
1184,1,19,0,0,0,2,0,90.62,26.4,2,0
1185,0,33,0,0,0,0,0,98.32,33.6,2,0
1186,0,46,1,1,1,0,0,110.15,21.5,3,0
1187,0,18,0,0,0,2,1,80.64,28.4,2,0
1188,0,44,0,0,1,2,0,85.22,37.3,3,1
1189,1,77,0,1,1,2,0,206.84,28.5,0,1
1190,1,48,0,0,0,0,0,103.49,28.9,3,0
1191,0,52,0,0,1,2,0,146.88,23.5,2,0
1192,0,25,0,0,0,2,1,86.54,25.0,3,0
1193,0,36,0,0,1,3,1,67.37,25.8,1,0
1194,1,41,1,1,1,2,1,93.69,37.9,2,1
1195,1,42,0,0,0,2,0,76.23,28.0,2,0
1196,0,71,0,1,1,2,0,159.14,19.9,0,1
1197,0,58,1,0,0,2,0,71.04,30.2,0,0
1198,0,27,0,0,0,2,1,94.9,33.9,2,0
1199,0,52,0,0,1,2,1,110.42,28.3,1,0
1200,0,56,0,1,1,4,1,90.58,38.0,2,0
1201,1,68,1,0,1,2,0,194.82,33.6,0,0
1202,1,76,1,1,1,4,1,107.74,21.7,0,1
1203,0,29,1,0,0,3,0,66.83,24.9,2,0
1204,0,33,0,0,1,2,1,97.8,30.0,2,0
1205,1,25,0,0,0,3,1,89.83,17.7,3,0
1206,1,43,0,0,1,2,0,98.49,30.7,1,0
1207,0,56,0,0,1,1,1,207.31,17.0,2,0
1208,1,65,0,0,0,4,1,77.73,35.2,3,0
1209,1,46,0,0,1,2,1,92.11,34.4,2,0
1210,0,42,0,0,0,2,1,114.74,31.8,3,0
1211,0,50,0,0,1,2,0,179.17,24.1,1,1
1212,0,32,0,0,1,2,0,82.38,29.6,0,0
1213,1,85,0,0,1,2,1,69.89,25.2,3,0
1214,0,19,0,0,0,2,0,64.77,21.8,1,0
1215,1,51,0,0,0,3,1,109.74,26.3,0,0
1216,1,84,1,0,1,2,0,75.67,33.0,1,1
1217,0,48,0,0,0,0,0,85.12,28.8,2,0
1218,0,44,1,0,1,0,0,109.82,37.9,2,0
1219,0,41,0,0,1,2,1,65.79,33.5,2,0
1220,0,44,0,0,1,0,1,112.38,32.8,2,0
1221,0,72,0,0,1,2,1,86.2,18.0,0,0
1222,1,18,0,0,0,2,0,72.77,26.6,2,0
1223,1,75,1,1,1,3,0,86.29,21.6,2,1
1224,1,22,0,0,0,2,1,79.16,27.3,0,0
1225,1,43,0,0,1,2,0,96.61,24.0,3,0
1226,0,40,1,0,1,4,1,80.28,26.0,1,0
1227,1,58,0,0,1,4,1,61.33,35.4,2,0
1228,0,19,0,0,0,3,1,86.69,31.6,2,0
1229,0,56,0,0,0,0,1,196.26,35.0,1,0
1230,0,84,0,0,1,2,1,93.06,28.4,0,0
1231,0,23,0,0,0,2,1,72.19,28.9,2,0
1232,0,51,0,0,1,0,1,82.68,34.8,3,0
1233,0,36,1,1,1,2,1,92.74,38.3,0,0
1234,1,55,0,0,1,2,0,216.97,18.4,3,1
1235,0,48,0,0,1,2,1,93.76,26.2,1,0
1236,1,36,0,1,1,3,0,100.2,35.2,0,0
1237,1,56,1,0,1,2,1,72.63,27.3,0,0
1238,0,80,1,0,0,3,0,228.27,22.6,3,1
1239,1,44,0,0,1,2,0,191.86,18.4,0,1
1240,0,60,1,0,0,2,1,93.71,22.3,1,0
1241,0,24,0,0,0,2,1,235.28,17.5,0,0
1242,0,30,0,1,0,2,0,75.25,28.9,0,0
1243,1,56,0,0,1,4,0,213.88,34.3,1,1
1244,1,74,0,1,1,2,1,193.25,20.3,3,0
1245,0,54,0,0,1,2,1,139.75,30.2,3,0
1246,0,42,1,0,1,2,0,75.83,34.0,0,0
1247,0,47,0,0,1,2,0,112.26,28.5,0,0
1248,0,25,1,1,0,2,1,69.97,18.0,2,0
1249,0,58,0,1,1,2,1,80.09,28.4,0,1
1250,1,63,0,0,1,4,1,108.34,28.1,0,0
1251,1,39,0,1,1,3,1,175.87,27.5,0,0
1252,0,39,0,0,0,2,1,61.81,24.9,0,0
1253,1,52,0,0,1,2,1,63.05,29.1,2,0
1254,1,40,0,0,1,2,1,92.43,31.8,1,0
1255,0,46,0,0,1,2,1,102.94,44.0,0,0
1256,0,85,0,0,1,3,0,193.63,29.2,0,1
1257,0,43,0,0,1,4,1,195.63,28.4,2,0
1258,0,41,0,0,0,2,1,109.96,30.8,3,0
1259,1,36,0,0,1,0,1,118.32,27.9,0,0
1260,0,61,0,0,1,2,0,94.97,29.5,0,0
1261,0,44,1,1,1,2,0,97.6,20.6,3,0
1262,1,36,0,0,1,2,0,58.0,30.5,2,0
1263,0,71,0,0,0,2,1,121.5,15.6,0,0
1264,0,73,0,0,0,4,0,81.37,22.9,0,0
1265,0,37,0,0,1,2,1,76.0,29.2,0,0
1266,0,18,1,0,0,2,1,86.17,36.3,0,0
1267,0,66,0,0,1,4,0,112.68,37.8,1,0
1268,1,35,0,0,1,4,0,123.12,27.0,0,0
1269,1,62,0,0,1,0,0,91.88,29.5,0,0
1270,0,18,0,0,0,4,0,186.45,34.9,3,0
1271,0,64,1,0,1,2,0,90.65,19.9,0,0
1272,0,26,0,0,0,0,1,74.43,31.1,0,0
1273,0,61,0,0,1,3,1,112.15,23.1,0,0
1274,0,48,0,0,0,4,1,172.47,27.4,3,0
1275,0,30,0,0,1,0,0,213.59,25.5,1,0
1276,0,40,0,0,0,2,1,109.48,31.3,2,0
1277,0,60,0,1,1,0,0,99.21,32.1,2,0
1278,0,49,0,0,1,2,1,117.43,34.3,1,0
1279,0,58,1,0,0,2,1,177.85,30.8,3,1
1280,0,83,0,0,0,2,1,87.37,28.4,2,0
1281,1,19,0,0,0,4,1,210.03,40.6,0,0
1282,1,77,0,0,1,2,0,62.04,18.6,3,0
1283,1,49,1,1,0,2,1,123.67,39.5,1,0
1284,0,31,0,1,1,2,1,204.27,26.6,1,0
1285,1,24,0,0,0,4,1,107.03,32.2,2,0
1286,0,44,0,0,0,2,1,78.88,26.4,0,0
1287,0,64,0,0,1,0,1,113.07,23.9,2,0
1288,1,45,0,0,1,0,1,181.8,31.6,3,0
1289,0,75,0,0,1,2,0,72.12,35.3,3,1
1290,1,21,0,0,0,2,1,86.87,31.6,3,0
1291,1,47,0,0,1,0,1,82.02,25.0,1,0
1292,0,25,0,0,0,4,0,195.51,52.0,2,1
1293,1,54,1,0,1,0,1,205.64,36.3,2,0
1294,1,63,1,0,1,2,1,99.42,34.6,1,1
1295,0,40,0,0,1,4,0,85.63,26.2,0,0
1296,0,18,0,0,0,2,1,80.02,24.4,1,0
1297,1,51,0,1,0,3,0,81.25,26.7,2,0
1298,0,55,0,0,1,0,1,225.19,35.5,2,0
1299,1,55,1,1,0,2,0,93.38,22.1,3,1
1300,1,70,0,0,1,0,0,60.24,21.6,1,0
1301,0,28,0,0,0,3,1,82.2,32.0,2,0
1302,0,60,1,0,1,4,1,91.45,30.6,3,0
1303,0,69,0,0,1,2,1,117.68,23.5,2,0
1304,0,18,0,1,0,2,1,105.43,28.4,1,0
1305,0,53,0,0,0,0,0,179.68,37.8,2,0
1306,0,38,0,0,1,2,0,126.28,30.8,0,1
1307,1,46,0,0,1,2,1,89.53,19.6,2,0
1308,0,54,1,1,1,1,0,108.69,20.1,1,0
1309,1,39,1,0,0,2,1,245.08,26.2,0,0
1310,0,35,0,1,1,4,0,55.0,33.3,2,0
1311,1,48,1,1,1,2,0,253.19,32.4,3,1
1312,1,28,0,0,0,2,0,55.0,35.9,2,0
1313,0,28,0,0,0,0,1,192.31,18.8,2,0
1314,0,60,0,1,0,3,0,93.22,30.0,3,0
1315,0,27,1,0,0,3,1,76.13,37.8,0,0
1316,1,59,1,0,1,2,0,96.79,37.2,1,0
1317,1,56,0,0,1,0,1,92.84,30.8,3,0
1318,1,18,1,0,0,2,1,232.66,43.8,3,0
1319,1,35,1,0,1,2,0,108.14,32.5,1,0
1320,0,69,1,0,1,2,0,85.65,35.3,3,0
1321,0,30,0,0,0,3,1,76.8,28.8,2,0
1322,0,39,1,0,1,2,0,102.42,23.4,2,0
1323,1,56,1,0,1,2,0,102.03,22.8,1,0
1324,0,62,0,1,1,2,0,91.51,29.7,0,0
1325,0,43,1,0,1,2,0,122.66,27.1,2,0
1326,0,37,0,0,0,2,1,257.91,17.0,3,0
1327,0,73,0,0,1,3,0,76.5,21.8,2,0
1328,1,79,0,0,1,2,1,96.27,26.4,2,0
1329,1,65,0,1,1,4,1,79.88,33.2,3,1
1330,1,49,0,0,1,3,0,159.65,28.4,0,0
1331,0,33,0,0,1,2,0,77.5,28.0,1,0
1332,1,33,1,1,0,3,0,84.0,22.1,2,0
1333,1,57,0,1,1,2,0,118.36,28.7,0,0
1334,1,55,0,0,1,0,0,83.92,37.1,2,0
1335,1,73,0,0,1,1,1,78.02,29.5,0,0
1336,0,59,0,0,1,2,0,107.56,18.7,3,0
1337,0,20,1,0,0,3,1,74.23,20.4,3,0
1338,0,66,0,0,0,2,0,79.61,28.4,0,0
1339,1,30,0,0,1,2,0,98.65,27.0,0,0
1340,0,41,0,0,1,0,0,104.08,28.0,2,0
1341,0,52,0,0,1,2,1,108.31,24.5,2,0
1342,1,83,0,0,0,2,0,248.95,31.8,1,1
1343,0,90,0,1,1,2,0,169.42,26.5,2,1
1344,1,58,0,0,0,3,0,83.01,27.3,0,0
1345,0,44,0,1,1,2,1,80.92,23.0,2,0
1346,0,57,0,1,0,4,0,148.73,34.5,3,0
1347,1,63,1,0,1,2,0,221.57,27.1,0,1
1348,1,42,0,0,1,2,0,208.9,32.5,0,0
1349,0,80,0,0,1,3,0,92.33,20.7,3,0
1350,0,52,0,0,1,2,1,73.94,39.8,0,1
1351,0,56,0,0,1,3,1,104.49,36.8,2,0
1352,0,59,1,0,1,2,1,98.4,16.1,0,1
1353,1,55,0,1,1,2,1,60.21,23.3,2,0
1354,1,63,0,0,1,2,0,94.16,31.6,0,0
1355,0,36,1,0,0,4,1,78.41,28.4,2,0
1356,1,37,0,0,1,2,1,106.46,27.6,2,0
1357,0,28,0,0,0,0,1,68.32,31.3,1,0
1358,0,55,0,1,1,2,0,84.65,27.3,0,0
1359,0,62,0,0,1,3,1,195.35,32.0,0,0
1360,1,56,1,0,1,2,1,164.22,24.0,2,0
1361,0,78,1,0,1,4,1,101.44,14.0,2,0
1362,0,47,1,0,0,0,1,154.96,34.9,2,0
1363,0,60,0,0,1,0,0,114.78,34.8,1,0
1364,0,28,0,0,0,2,1,97.88,44.8,1,0
1365,1,41,0,0,0,2,0,219.69,14.2,1,0
1366,0,60,0,1,1,2,0,103.11,33.4,3,1
1367,0,63,0,1,0,4,0,89.83,15.7,1,1
1368,1,42,0,0,1,2,0,70.74,39.9,0,0
1369,1,46,0,0,0,2,0,81.55,31.7,2,0
1370,1,20,0,0,0,2,1,113.84,28.4,3,0
1371,1,41,1,0,1,2,0,110.78,33.6,3,1
1372,1,64,1,0,0,2,1,80.71,24.9,2,0
1373,0,58,0,0,1,0,1,230.77,30.5,1,1
1374,1,57,0,0,1,2,0,86.81,29.8,2,0
1375,1,48,0,0,1,4,1,85.68,39.8,2,0
1376,0,48,1,0,1,0,0,86.25,40.3,1,0
1377,1,36,0,0,1,2,0,161.17,24.6,1,0
1378,0,60,1,0,0,2,1,234.17,35.4,2,1
1379,1,55,0,0,1,2,0,225.27,30.8,1,0
1380,1,56,0,1,1,4,1,96.69,19.3,1,1
1381,0,38,0,0,1,2,1,62.99,24.0,2,0
1382,0,18,0,0,0,2,0,84.88,43.7,2,0
1383,0,67,0,0,1,2,1,124.56,30.8,3,0
1384,0,39,0,0,0,2,0,95.61,35.0,0,0
1385,0,32,0,0,0,2,0,202.31,27.1,0,0
1386,1,60,0,0,1,2,1,95.39,25.0,2,0
1387,1,40,1,1,1,0,0,228.39,28.4,2,1
1388,0,67,0,0,0,0,0,55.0,26.8,2,0
1389,0,59,1,1,0,2,1,234.56,18.8,1,0
1390,0,60,0,0,1,2,1,89.43,22.0,3,0
1391,1,23,0,0,0,4,0,171.48,33.1,1,0
1392,1,69,0,1,0,2,1,90.72,26.0,0,0
1393,0,52,0,0,1,4,0,177.25,28.7,3,0
1394,1,41,0,0,1,2,1,96.45,30.0,0,0
1395,0,50,1,0,1,3,0,77.94,30.5,2,0
1396,0,18,0,0,0,3,0,71.75,36.0,2,0
1397,0,55,0,0,1,2,1,77.49,21.4,2,0
1398,0,29,0,0,1,0,0,98.14,32.2,2,0
1399,0,23,1,0,0,2,0,199.81,33.4,0,0
1400,1,20,0,0,0,2,0,97.24,34.9,2,0
1401,0,68,1,0,1,2,0,242.73,19.3,3,1
1402,0,36,0,0,1,0,0,97.1,30.2,2,0
1403,0,75,0,0,0,2,0,91.52,39.7,2,1
1404,1,38,1,0,0,0,0,100.45,27.9,2,0
1405,0,18,0,0,0,2,0,192.8,31.6,2,0
1406,1,27,0,0,0,2,1,91.67,33.6,3,0
1407,1,70,0,0,0,0,0,74.33,21.8,0,1
1408,0,45,1,1,1,2,1,107.44,40.4,3,0
1409,1,38,1,1,1,2,1,87.79,31.7,1,0
1410,1,50,0,0,0,2,1,90.46,31.9,2,0
1411,0,57,0,1,1,2,1,67.42,17.7,0,0
1412,0,68,0,0,0,3,1,105.25,33.7,2,0
1413,0,74,0,1,0,2,1,99.41,31.8,0,1
1414,0,41,0,0,1,2,1,168.42,39.1,1,0
1415,0,24,0,0,0,2,0,77.8,26.5,2,0
1416,1,40,0,1,1,2,1,214.56,22.1,1,0
1417,1,52,0,1,1,2,1,93.35,24.1,0,0
1418,0,30,0,0,1,4,1,79.58,28.4,2,0
1419,0,30,0,0,1,0,1,96.52,21.2,2,0
1420,0,54,1,0,1,2,1,57.59,36.9,2,0
1421,0,47,0,0,0,2,0,82.69,37.1,3,0
1422,1,48,0,0,1,4,0,116.95,27.2,2,0
1423,0,34,0,0,1,2,0,96.59,25.9,0,0
1424,1,43,0,1,1,2,0,92.5,16.7,0,0
1425,0,31,0,0,1,0,1,119.78,33.0,0,0
1426,0,64,0,0,1,2,1,55.0,39.2,2,0
1427,0,66,0,0,1,2,1,201.41,24.4,3,0
1428,1,18,0,0,0,4,0,83.98,27.7,2,0
1429,1,31,0,0,0,3,1,102.88,31.3,3,0
1430,1,21,0,0,0,2,0,202.69,39.7,0,0
1431,0,36,1,0,1,2,1,212.51,29.8,1,0
1432,0,46,0,1,1,2,1,104.97,29.8,0,0
1433,1,21,0,0,0,0,0,83.95,29.7,0,0
1434,1,31,0,0,1,2,0,214.7,19.2,2,0
1435,0,29,0,0,1,2,0,74.51,19.1,3,0
1436,1,51,1,1,0,4,0,88.15,23.2,2,0
1437,0,49,0,0,1,2,0,82.65,35.1,1,0
1438,0,35,0,0,1,2,0,105.84,26.3,2,0
1439,1,51,0,0,1,2,0,211.76,25.1,0,0
1440,1,38,0,0,0,2,1,89.36,24.9,1,0
1441,0,43,0,0,0,2,0,152.73,27.6,3,0
1442,1,78,0,0,1,4,0,98.18,39.6,0,0
1443,1,72,0,1,1,4,1,103.3,27.5,0,0
1444,0,24,0,0,0,2,0,93.17,28.4,0,0
1445,0,62,1,0,1,2,0,172.51,28.7,2,1
1446,0,62,0,0,1,2,1,84.75,39.9,3,0
1447,0,27,1,0,0,2,1,90.39,25.2,1,0
1448,1,62,0,0,1,2,1,93.74,20.8,3,0
1449,1,75,1,0,0,4,0,87.79,25.2,2,0
1450,0,27,0,0,0,2,0,90.29,29.3,2,0
1451,0,31,0,0,0,2,1,67.24,33.0,0,0
1452,0,66,0,1,0,2,0,189.09,35.0,2,1
1453,0,52,1,0,1,2,1,92.72,21.7,1,0
1454,1,57,0,0,1,2,0,105.03,22.3,2,0
1455,0,54,0,0,1,2,1,90.0,26.4,2,0
1456,1,55,0,0,0,2,1,63.92,32.9,2,0
1457,0,24,0,0,0,3,0,84.62,20.3,3,0
1458,1,66,0,0,1,2,1,141.39,24.6,0,0
1459,1,69,1,1,1,2,1,101.14,24.6,2,0
1460,1,43,1,0,1,2,1,187.59,34.6,2,0
1461,0,47,0,1,1,4,1,148.19,31.9,3,0
1462,0,20,1,1,0,2,1,97.71,34.4,2,0
1463,0,57,0,0,1,2,0,80.08,37.2,0,0
1464,0,58,0,0,1,2,0,91.12,26.5,2,0
1465,1,46,0,1,0,0,0,80.59,20.8,1,0
1466,1,68,0,1,0,2,0,79.06,20.8,1,0
1467,0,41,1,0,1,2,1,83.87,16.6,0,0
1468,1,58,0,0,0,2,1,79.34,25.5,3,0
1469,0,29,0,0,1,2,1,262.79,26.0,2,0
1470,1,47,0,1,1,2,0,78.98,33.6,2,0
1471,0,44,0,0,1,2,0,76.46,28.6,0,0
1472,1,52,0,0,1,0,1,116.52,25.3,0,0
1473,0,41,1,1,1,3,1,104.41,27.7,2,0
1474,0,45,1,0,1,2,1,62.08,21.7,0,0
1475,0,62,1,0,1,2,0,197.4,35.2,3,1
1476,1,40,0,0,0,2,0,226.16,23.4,1,0
1477,0,19,0,0,0,2,1,94.86,21.1,2,0
1478,0,79,0,0,1,4,0,67.64,33.8,0,0
1479,0,72,0,0,0,1,1,107.38,32.2,2,0
1480,0,24,0,0,0,2,0,102.38,28.4,0,0
1481,0,60,1,0,1,2,0,241.38,34.1,2,1
1482,0,38,0,0,1,2,0,237.44,23.7,0,0
1483,0,52,0,0,1,3,1,96.78,26.1,2,0
1484,0,53,0,0,1,3,1,96.73,29.7,2,0
1485,0,43,0,0,1,0,1,113.37,32.3,2,0
1486,1,33,0,0,1,0,1,106.52,31.4,2,0
1487,1,35,1,0,0,2,0,77.38,28.2,1,0
1488,0,31,0,0,1,3,0,99.5,25.7,2,0
1489,0,33,0,0,0,3,1,80.04,28.4,0,0
1490,0,46,0,0,0,2,1,97.56,27.7,3,0
1491,0,35,0,0,0,2,1,97.15,40.2,3,0
1492,1,60,0,0,1,3,0,69.25,32.3,2,0
1493,1,74,1,0,0,2,0,88.17,22.5,1,0
1494,0,37,0,0,1,3,1,93.98,25.4,2,0
1495,1,52,0,0,1,3,1,83.46,28.8,0,0
1496,0,56,0,0,1,3,0,219.8,36.9,2,0
1497,1,56,0,0,1,3,0,102.09,37.7,0,0
1498,0,49,0,0,0,2,1,178.18,25.9,2,0
1499,0,61,1,0,0,3,0,93.37,22.4,0,0
1500,0,56,0,0,1,2,0,110.75,21.6,2,0
1501,0,25,0,0,0,2,0,97.1,30.1,2,0
1502,1,63,0,0,1,2,0,93.01,43.5,3,0
1503,0,63,0,0,1,2,1,75.63,32.0,0,1
1504,0,34,0,0,0,3,0,100.07,18.1,3,0
1505,1,48,0,0,1,4,1,94.95,23.8,2,0
1506,0,60,1,0,0,2,1,109.26,24.4,1,0
1507,0,44,0,0,1,2,1,90.7,23.2,0,0
1508,0,67,0,0,1,2,1,62.76,28.4,2,0
1509,0,90,1,1,1,2,1,207.1,30.9,2,1
1510,0,33,0,0,1,0,0,207.66,32.9,0,0
1511,1,23,0,0,0,2,0,81.45,35.6,0,0
1512,0,53,0,0,0,3,0,96.55,31.9,0,0
1513,0,60,0,0,0,3,1,91.71,15.8,0,0
1514,1,43,0,0,1,2,1,128.48,28.4,2,0
1515,1,74,0,0,1,4,0,88.55,27.5,1,0
1516,1,23,0,0,0,2,1,216.31,29.5,3,0
1517,0,60,1,0,1,2,0,89.76,34.1,0,0
1518,0,37,0,0,1,4,1,165.57,28.8,0,0
1519,1,78,0,1,1,4,0,84.42,28.8,0,0
1520,0,83,0,1,0,2,1,85.15,30.0,2,1
1521,1,34,0,0,1,2,0,86.6,26.8,2,0
1522,0,38,0,0,0,2,0,218.44,29.1,2,1
1523,0,63,1,0,1,2,0,182.24,35.8,3,1
1524,0,41,0,0,0,4,0,105.36,28.0,2,0
1525,0,47,0,0,1,2,1,219.29,28.3,0,0
1526,1,48,0,0,1,2,0,102.82,28.3,2,0
1527,1,18,0,0,0,4,1,98.02,36.9,2,0
1528,1,47,0,0,1,2,0,182.0,21.3,1,0
1529,0,35,0,0,1,2,1,102.98,40.0,0,0
1530,0,39,0,0,1,4,0,91.34,20.9,2,0
1531,0,73,0,1,0,0,0,104.77,24.2,0,0
1532,0,25,0,0,0,0,1,99.21,33.3,1,0
1533,0,62,1,0,1,2,1,204.46,35.2,2,1
1534,0,42,0,0,1,0,1,103.44,19.4,2,0
1535,0,42,1,0,0,2,0,91.37,21.4,0,0
1536,0,62,1,0,1,3,1,88.41,30.3,1,0
1537,1,54,0,0,1,4,0,82.86,43.7,0,0
1538,0,58,0,0,1,2,0,92.49,36.6,1,0
1539,1,65,0,0,1,0,0,129.68,26.9,2,0
1540,0,42,0,0,1,2,0,103.33,14.0,2,0
1541,0,36,0,0,1,2,1,183.18,29.0,2,0
1542,1,28,0,0,0,0,0,98.99,30.9,3,0
1543,0,33,1,0,1,2,0,179.19,26.0,3,0
1544,0,90,1,0,1,3,0,87.75,23.0,0,1
1545,1,70,0,0,1,2,0,73.27,29.5,2,0
1546,1,23,0,1,0,4,0,109.52,22.4,2,0
1547,0,24,0,0,0,2,1,237.66,40.7,2,0
1548,0,56,0,0,1,2,0,79.64,38.4,2,0
1549,0,57,0,0,0,2,0,63.06,32.8,1,0
1550,0,57,0,1,1,4,0,206.74,29.1,0,0
1551,0,43,0,0,1,3,0,65.68,24.2,3,0
1552,0,45,1,0,1,0,1,78.75,28.4,0,0
1553,0,53,0,0,0,2,0,98.82,39.2,2,0
1554,0,49,0,0,0,2,0,100.83,34.1,2,0
1555,1,18,1,0,0,2,1,80.22,29.8,2,0
1556,1,43,0,0,0,2,0,87.99,34.5,2,0
1557,1,32,0,0,1,2,1,76.91,32.0,3,0
1558,0,51,0,0,1,4,0,81.77,31.1,2,0
1559,0,90,0,0,1,0,1,93.99,34.9,0,0
1560,0,54,0,0,1,2,0,82.48,31.9,0,0
1561,1,42,0,0,1,2,1,86.34,28.4,2,0
1562,1,64,0,0,1,0,1,68.03,29.5,0,0
1563,1,56,0,0,1,2,1,214.81,26.8,3,0
1564,1,55,1,1,0,2,1,191.03,24.9,2,1
1565,0,58,1,1,1,2,0,197.54,24.2,0,1
1566,1,85,0,0,1,2,1,109.36,18.1,2,0
1567,0,27,0,0,0,0,0,195.5,22.6,0,0
1568,0,56,0,1,1,2,0,140.18,22.4,2,0
1569,1,31,0,0,1,2,0,61.58,25.2,2,0
1570,0,57,1,0,1,2,0,137.11,38.7,1,1
1571,0,31,0,0,1,0,1,87.76,27.5,0,0
1572,1,40,0,0,0,2,1,105.58,30.1,2,0
1573,0,42,0,0,0,2,0,180.41,30.3,2,0
1574,0,65,0,1,1,4,1,104.95,38.8,1,1
1575,0,64,0,0,1,4,0,117.86,24.8,2,1
1576,1,25,0,0,0,1,1,89.1,27.1,3,0
1577,0,48,1,0,0,0,0,74.84,27.8,0,0
1578,0,35,0,0,1,2,1,87.92,35.9,0,0
1579,1,25,0,0,0,2,0,185.14,37.2,0,0
1580,0,44,0,0,0,2,1,89.43,31.6,0,0
1581,0,42,1,0,1,2,1,200.71,36.5,0,0
1582,0,90,0,0,1,4,0,89.46,29.7,0,1
1583,1,55,0,0,1,0,1,85.74,27.4,2,0
1584,0,23,0,0,0,3,0,97.91,36.2,1,0
1585,1,37,1,1,1,2,0,240.25,31.7,0,1
1586,1,66,0,0,1,4,1,65.1,23.7,3,1
1587,1,85,1,0,0,0,0,91.33,35.0,0,1
1588,1,19,0,0,0,2,1,126.54,27.1,2,0
1589,1,18,1,0,0,4,0,244.64,26.3,0,0
1590,1,81,1,0,1,2,1,88.72,34.3,3,0
1591,0,55,0,0,0,2,0,119.13,28.4,2,0
1592,1,32,0,0,1,3,1,106.56,31.0,2,0
1593,1,57,1,0,1,3,1,82.3,32.8,2,0
1594,0,18,0,0,0,2,0,287.9,23.4,0,0
1595,0,48,0,0,0,2,1,147.92,31.0,3,0
1596,0,53,0,0,1,1,1,78.78,37.3,0,0
1597,1,64,1,0,1,3,0,152.62,22.3,1,1
1598,1,29,0,0,1,0,0,85.8,31.4,0,0
1599,1,49,0,0,0,2,1,91.69,23.1,1,0
1600,1,31,0,0,1,2,1,191.74,35.1,2,0
1601,1,52,0,0,1,2,1,70.85,35.1,2,0
1602,1,31,0,0,0,2,1,89.38,26.2,0,0
1603,1,40,0,0,0,2,1,115.73,42.9,2,0
1604,1,30,0,1,1,2,1,91.23,35.7,2,0
1605,0,59,0,1,0,3,0,85.03,33.1,2,0
1606,1,63,0,0,1,2,0,190.1,32.7,2,0
1607,1,43,0,0,1,0,1,200.43,34.9,0,0
1608,0,48,1,0,0,2,1,118.02,22.0,1,0
1609,0,21,0,0,0,2,0,89.94,29.8,3,0
1610,1,42,0,0,1,2,1,231.99,31.0,0,0
1611,0,47,1,0,1,2,0,78.68,25.9,1,0
1612,0,90,0,0,1,2,0,97.55,31.5,0,0
1613,1,27,1,1,0,4,0,94.13,36.5,2,0
1614,0,74,1,0,1,0,1,89.15,25.8,0,0
1615,0,65,0,1,0,2,0,82.47,28.1,2,0
1616,1,53,1,1,1,2,0,80.43,23.2,0,0
1617,1,79,0,0,1,3,0,209.89,16.9,3,0
1618,0,54,0,0,0,0,0,173.33,28.4,2,0
1619,0,55,0,0,1,2,1,177.64,28.3,1,0
1620,1,47,0,0,1,2,1,94.31,28.8,2,0
1621,1,70,1,0,1,0,0,168.99,22.1,2,1
1622,1,67,0,0,1,0,0,215.8,27.3,3,0
1623,0,36,0,0,1,0,0,86.99,35.6,0,0
1624,0,24,0,1,0,4,0,187.03,28.5,3,0
1625,1,44,0,0,1,4,1,130.47,28.7,1,0
1626,0,33,0,1,1,2,1,94.67,29.8,2,0
1627,0,46,0,0,1,2,0,99.68,20.5,2,0
1628,1,70,1,1,0,0,1,96.57,32.6,1,1
1629,1,39,0,0,0,3,0,86.06,20.3,0,0
1630,0,47,1,0,1,1,1,109.41,22.4,0,0
1631,0,49,0,1,1,2,0,85.63,21.7,2,0
1632,0,63,1,0,0,2,0,217.68,27.4,1,1
1633,0,18,0,0,0,2,1,272.62,26.2,3,0
1634,1,37,0,0,0,2,1,75.6,28.5,3,0
1635,0,51,0,0,1,2,0,95.48,22.6,3,0
1636,0,69,1,0,0,3,0,73.43,35.0,0,1
1637,1,39,0,0,1,2,0,98.03,33.9,2,0
1638,1,18,1,0,0,0,1,72.09,27.4,0,0
1639,1,59,0,0,1,3,1,85.21,25.4,2,0
1640,1,36,0,1,1,2,1,199.62,24.7,1,1
1641,1,26,0,0,0,2,1,179.34,26.5,0,0
1642,1,36,1,0,1,3,0,65.19,19.4,1,0
1643,1,44,0,0,1,0,0,90.15,22.3,2,0
1644,1,37,1,0,1,4,1,107.15,34.1,2,0
1645,0,18,1,0,0,0,1,105.55,30.5,3,0
1646,0,64,0,0,1,4,1,102.77,39.1,2,0
1647,0,70,0,0,1,3,0,85.24,26.6,1,0
1648,0,59,1,0,1,4,1,110.27,26.2,2,0
1649,0,27,0,0,0,0,0,103.7,25.8,0,0
1650,1,44,1,1,1,4,1,93.18,26.4,2,0
1651,0,47,0,0,1,2,0,93.61,24.2,3,1
1652,0,58,0,0,1,4,1,85.44,30.3,1,0
1653,0,60,1,1,1,2,1,76.36,28.7,3,1
1654,0,34,0,0,1,0,0,108.56,25.2,2,0
1655,1,49,0,0,1,2,0,109.68,36.6,3,0
1656,1,56,0,0,0,2,1,76.74,40.8,3,1
1657,1,74,0,0,1,2,1,87.69,36.1,2,1
1658,0,60,0,0,1,2,1,87.85,32.1,0,1
1659,0,62,1,0,1,2,1,204.59,33.5,0,1
1660,1,49,0,0,1,0,0,90.96,40.6,2,1
1661,0,73,0,0,1,2,0,104.2,33.4,3,0
1662,0,55,0,1,1,2,1,179.3,24.7,3,1
1663,1,32,0,0,0,2,1,233.79,31.0,2,0
1664,1,73,0,0,0,3,1,108.55,32.6,2,0
1665,1,60,1,0,0,2,1,183.16,22.0,0,0
1666,1,40,0,0,1,2,1,71.05,26.6,3,0
1667,1,39,0,0,1,2,0,228.37,35.7,0,0
1668,1,53,0,0,1,3,1,85.05,16.6,3,0
1669,1,56,0,0,0,2,0,249.67,20.4,2,0
1670,1,51,0,0,1,2,0,227.6,27.4,2,0
1671,0,53,0,1,1,2,0,107.21,30.8,0,0
1672,1,78,0,0,1,4,0,164.22,19.7,3,1
1673,0,67,0,0,1,2,0,104.19,27.7,2,0
1674,1,51,0,1,0,3,0,79.68,36.0,3,1
1675,0,64,0,0,1,2,1,87.02,28.9,0,0
1676,1,29,1,0,1,2,1,214.12,34.6,0,1
1677,1,55,0,0,1,2,1,86.84,24.7,2,0
1678,0,80,0,0,0,2,0,100.26,23.2,2,0
1679,0,44,0,0,1,2,0,92.02,34.0,0,0
1680,0,32,0,0,0,2,1,109.67,30.9,0,0
1681,1,36,0,0,1,2,0,72.88,20.8,2,1
1682,1,28,0,0,0,3,0,97.5,23.3,0,0
1683,0,33,0,0,1,1,0,238.66,38.7,2,1
1684,0,41,0,1,1,2,0,91.41,22.5,2,0
1685,0,22,0,0,0,3,0,101.11,28.4,2,0
1686,0,48,0,0,1,4,1,86.78,25.4,2,0
1687,1,64,0,0,1,0,1,98.27,28.5,0,0
1688,0,31,0,1,0,2,0,75.6,30.4,3,1
1689,1,75,0,0,1,0,1,65.04,14.8,2,0
1690,1,57,0,0,1,2,1,98.36,19.0,0,0
1691,0,66,0,1,1,2,0,116.16,29.1,0,1
1692,0,36,0,0,1,2,0,162.47,23.8,2,0
1693,1,63,1,1,0,2,0,194.84,35.0,3,1
1694,1,28,0,0,0,2,1,90.65,18.1,0,0
1695,0,64,0,0,0,2,0,69.96,32.2,0,0
1696,1,51,0,1,0,3,1,73.03,19.6,0,1
1697,0,57,1,0,1,2,1,183.2,26.2,2,0
1698,1,26,0,0,0,2,0,83.93,21.6,2,0
1699,0,31,0,0,0,2,1,174.92,40.9,0,0
1700,0,58,0,1,1,2,1,64.59,19.8,0,0
1701,1,30,0,0,1,3,0,77.3,27.7,2,0
1702,1,56,0,0,1,4,1,92.91,17.3,2,0
1703,1,23,0,0,0,2,0,89.9,38.9,0,0
1704,1,63,1,0,0,2,0,82.48,31.1,2,0
1705,0,25,1,0,0,4,0,93.03,29.4,2,0
1706,1,57,0,0,1,2,1,105.6,38.1,2,0
1707,0,59,0,0,0,4,0,95.91,29.5,1,0
1708,1,35,1,0,0,2,1,88.18,29.9,2,0
1709,0,58,0,0,1,2,0,103.92,29.4,3,0
1710,0,52,0,0,0,2,1,75.6,32.2,2,0
1711,0,38,0,0,1,2,1,86.63,25.3,0,0
1712,0,29,0,0,0,2,0,86.98,27.1,0,0
1713,1,18,0,0,0,4,1,71.45,33.8,0,0
1714,1,54,0,0,1,3,1,83.7,30.3,0,0
1715,0,19,0,0,0,3,1,58.88,27.8,3,0
1716,0,49,0,0,1,0,0,118.68,19.4,2,0
1717,0,43,0,0,0,2,1,160.2,38.2,2,0
1718,1,60,0,0,1,3,1,113.79,24.2,2,0
1719,0,42,1,0,0,2,1,90.57,34.9,2,0
1720,0,42,0,1,0,0,0,98.47,29.6,1,0
1721,1,61,0,0,1,2,0,82.67,20.1,0,0
1722,1,54,1,0,0,3,1,93.12,36.6,1,0
1723,0,53,1,0,1,4,1,99.76,28.4,1,0
1724,0,56,0,1,0,2,1,99.97,37.2,3,0
1725,0,20,0,0,0,2,1,101.62,27.3,2,0
1726,1,61,1,0,1,2,1,84.48,33.1,0,0
1727,0,59,1,0,1,2,1,82.79,17.0,1,0
1728,1,29,1,0,1,3,0,66.09,25.2,2,0
1729,1,43,1,0,1,4,0,179.13,20.2,0,1
1730,1,47,0,0,1,2,1,106.24,28.4,3,0
1731,0,45,0,0,0,2,0,114.24,31.6,1,0
1732,0,54,0,0,1,3,0,94.58,24.6,3,0
1733,0,73,0,0,1,2,0,78.5,34.1,0,0
1734,1,67,0,1,1,2,0,180.26,22.9,2,0
1735,0,24,0,0,0,4,1,105.63,34.3,0,0
1736,1,59,0,0,1,3,1,63.06,28.4,0,0
1737,0,71,1,1,0,2,0,84.89,35.1,3,1
1738,0,54,0,0,0,2,1,237.07,26.3,3,0
1739,1,67,0,0,1,3,1,88.96,14.7,0,0
1740,0,84,0,0,1,0,1,90.54,32.3,2,0
1741,1,66,0,1,1,0,1,92.07,27.7,0,0
1742,0,52,1,1,1,2,0,55.0,22.1,3,1
1743,0,66,1,0,1,4,1,90.22,24.9,1,0
1744,1,50,1,0,0,2,1,170.64,37.8,3,1
1745,0,48,0,0,1,3,1,100.98,21.1,1,0
1746,1,41,0,0,0,3,1,81.67,31.5,2,0
1747,0,76,0,0,1,2,0,57.64,29.9,0,0
1748,0,33,0,0,1,4,1,77.79,26.2,3,0
1749,0,75,1,1,1,2,0,194.04,32.7,0,1
1750,1,56,0,0,1,2,0,107.86,39.1,2,0
1751,0,22,1,1,0,0,0,92.95,26.6,1,0
1752,0,54,0,0,0,3,1,126.84,26.9,0,0
1753,1,18,0,0,0,0,1,107.72,32.5,0,0
1754,1,59,0,0,0,2,0,88.56,34.5,0,0
1755,0,63,1,0,1,2,0,178.15,27.7,0,1
1756,0,37,0,0,1,4,1,100.26,26.5,2,0
1757,0,50,0,0,1,2,1,70.7,14.1,0,0
1758,0,83,0,0,1,0,1,112.09,23.4,2,1
1759,0,38,1,1,1,2,0,68.7,21.1,2,0
1760,1,28,0,0,0,0,1,103.76,33.0,2,0
1761,1,74,0,1,1,2,0,67.24,26.9,0,0
1762,1,83,1,1,1,3,0,99.02,26.7,2,0
1763,0,48,0,0,1,4,0,117.93,28.4,2,0
1764,1,66,0,0,1,2,0,86.81,22.8,2,0
1765,0,72,0,0,1,0,1,86.15,38.6,3,0
1766,0,34,0,0,0,0,0,99.16,36.9,0,0
1767,0,39,1,1,1,0,0,85.06,39.0,1,0
1768,1,70,1,0,0,4,0,117.27,32.9,1,1
1769,0,78,0,0,1,2,1,92.88,28.3,2,0
1770,1,58,1,0,1,2,0,85.2,39.0,2,1
1771,0,32,0,0,1,2,1,81.9,24.1,2,0
1772,1,83,0,0,0,2,1,76.01,22.8,1,1
1773,1,38,0,0,1,2,0,80.58,24.6,3,0
1774,0,41,0,0,0,2,0,84.74,31.9,2,0
1775,1,54,0,0,1,2,0,223.17,23.5,0,1
1776,1,75,1,0,1,2,1,80.13,27.5,0,0
1777,0,63,1,0,1,2,0,121.48,18.1,2,1
1778,0,55,0,0,1,0,1,173.54,31.6,2,0
1779,0,56,0,1,1,3,0,92.2,18.6,0,0
1780,0,48,0,0,1,2,1,98.89,22.4,2,0
1781,0,58,1,0,1,4,0,239.58,36.4,2,1
1782,1,18,1,0,0,2,0,89.12,36.2,1,0
1783,1,42,0,0,1,4,1,194.9,30.9,0,0
1784,1,52,1,0,0,3,1,96.77,30.3,3,0
1785,0,27,0,0,0,2,0,281.72,28.4,2,0
1786,0,54,0,0,1,3,0,86.12,23.5,2,0
1787,1,44,0,1,0,0,0,66.57,26.1,2,0
1788,0,79,0,0,0,2,0,82.98,18.7,2,0
1789,0,76,0,0,0,4,1,72.8,30.1,1,0
1790,1,39,0,0,1,2,1,79.99,28.8,0,0
1791,0,45,0,0,1,2,1,90.5,22.4,2,0
1792,0,46,0,1,1,2,1,95.38,38.7,2,0
1793,0,39,0,1,1,2,0,204.31,32.4,2,0
1794,1,51,0,0,1,2,1,81.94,33.0,2,0
1795,0,34,0,0,0,4,0,168.01,28.4,0,0
1796,0,27,1,0,0,2,0,94.59,28.5,2,1
1797,0,59,0,1,1,2,0,109.44,32.6,2,0
1798,0,59,0,0,1,2,0,98.64,29.5,2,0
1799,0,33,0,0,0,4,1,74.87,38.9,1,0
1800,0,64,1,0,1,1,0,64.15,27.2,0,0
1801,1,36,1,1,1,0,1,94.67,25.2,2,0
1802,0,52,0,0,1,4,1,82.07,32.6,1,0
1803,0,62,0,0,1,0,0,75.3,20.3,2,0
1804,0,47,1,0,0,4,1,70.99,34.5,0,0
1805,0,56,0,0,1,3,0,196.9,20.0,3,1
1806,0,38,0,0,1,2,0,112.62,32.7,3,0
1807,0,44,0,0,1,2,0,83.87,24.3,1,0
1808,0,44,0,0,0,3,1,178.67,31.6,0,0
1809,1,34,0,0,0,2,0,88.47,34.4,1,0
1810,0,44,0,0,1,2,1,70.66,29.5,1,0
1811,0,20,0,0,0,3,0,154.85,20.7,3,0
1812,1,39,1,0,1,4,1,73.58,22.7,1,0
1813,0,42,0,0,1,2,0,205.94,23.8,2,0
1814,0,43,1,0,1,0,1,84.88,16.2,2,0
1815,0,43,0,0,1,3,1,103.4,35.8,2,0
1816,0,46,0,0,1,4,1,74.13,29.2,1,0
1817,1,56,0,0,1,4,1,223.62,21.1,3,1
1818,1,63,1,0,1,0,0,183.7,38.0,2,1
1819,1,36,0,0,0,2,1,150.75,23.9,3,0
1820,0,26,0,0,0,2,1,55.0,30.1,0,0
1821,1,29,0,0,1,2,0,121.38,23.1,2,0
1822,1,39,0,0,0,0,1,98.26,15.4,2,0
1823,1,41,1,0,1,4,1,243.3,19.6,0,0
1824,0,34,0,0,1,0,0,73.13,25.6,3,0
1825,0,24,1,0,0,2,1,82.57,34.3,2,0
1826,1,39,0,0,1,3,1,100.75,30.8,1,0
1827,1,51,0,0,1,2,1,61.62,29.4,3,0
1828,0,58,0,0,1,2,1,87.88,15.4,3,0
1829,0,37,0,0,0,2,0,116.56,36.8,3,0
1830,1,40,0,0,1,2,1,72.99,30.0,3,0
1831,0,31,0,0,1,0,0,212.02,27.7,0,0
1832,1,47,0,0,1,2,1,123.05,35.9,2,0
1833,1,32,0,0,1,2,1,99.48,36.6,0,0
1834,0,58,0,0,1,4,1,91.89,36.0,0,1
1835,1,18,0,0,0,2,0,204.8,26.9,1,0
1836,0,41,1,0,1,2,0,83.99,22.0,0,0
1837,1,53,0,1,1,2,0,109.49,34.9,2,1
1838,0,51,0,0,0,2,0,84.01,19.6,2,0
1839,0,90,1,0,1,2,1,60.61,41.2,0,0
1840,1,54,0,0,0,2,1,234.27,28.7,2,0
1841,0,29,0,0,1,3,1,149.67,21.6,2,0
1842,1,46,0,0,1,2,1,85.78,20.5,1,0
1843,0,18,0,0,0,2,1,86.11,20.2,1,0
1844,1,46,1,0,1,4,1,107.96,29.4,3,1
1845,1,33,0,0,1,2,1,100.43,28.5,2,0
1846,1,64,0,0,1,4,1,93.95,28.4,2,0
1847,0,38,0,1,1,2,1,89.96,26.2,2,0
1848,0,45,0,0,1,2,1,74.12,19.6,1,0
1849,0,36,0,1,0,0,0,193.32,32.3,3,0
1850,1,79,0,1,1,2,1,91.7,28.1,3,1
1851,0,42,0,0,0,2,0,101.92,26.0,1,0
1852,1,80,0,0,1,3,0,88.37,20.1,2,0
1853,0,62,0,0,1,2,1,81.98,26.5,0,0
1854,1,56,0,0,1,0,1,166.03,25.8,2,0
1855,1,54,1,0,0,4,1,88.75,30.6,2,0
1856,1,55,1,0,0,2,0,115.29,29.6,0,0
1857,0,18,1,0,0,3,1,108.49,33.6,2,0
1858,0,42,1,0,1,2,1,104.39,25.4,1,0
1859,1,63,0,0,1,4,1,198.19,28.4,2,0
1860,0,47,0,0,1,0,0,70.65,34.9,1,0
1861,0,22,0,0,0,4,1,223.1,22.4,2,0
1862,0,47,1,0,0,2,0,231.6,21.3,0,0
1863,0,78,1,0,1,0,1,216.61,28.2,2,0
1864,1,70,0,0,1,2,0,204.98,30.5,3,0
1865,0,46,0,0,1,2,0,96.79,28.4,0,0
1866,1,65,1,0,1,4,1,199.5,25.0,3,0
1867,1,41,0,0,1,2,0,88.86,26.0,3,0
1868,0,18,1,0,0,4,0,104.05,37.7,3,0
1869,0,31,0,0,0,2,1,82.94,28.4,1,0
1870,1,76,0,0,1,0,1,101.86,22.2,0,0
1871,1,43,0,1,1,2,0,104.09,22.3,2,0
1872,0,43,1,0,1,2,0,95.47,26.9,0,0
1873,1,42,0,0,1,2,0,115.04,30.0,3,0
1874,1,82,0,0,1,3,0,76.74,31.6,0,0
1875,1,77,1,0,0,2,0,82.69,29.3,2,0
1876,0,87,0,0,1,3,1,192.53,23.0,0,1
1877,0,45,1,0,0,2,0,103.21,25.7,2,0
1878,1,53,0,1,1,2,1,92.69,33.3,0,0
1879,1,20,0,0,0,2,0,109.29,21.1,1,0
1880,1,74,0,0,0,2,0,80.07,25.5,3,0
1881,0,26,1,0,0,0,0,72.89,28.4,3,0
1882,1,51,1,0,0,4,1,94.62,34.2,2,0
1883,1,28,0,0,0,2,1,88.84,27.2,1,0
1884,0,37,0,0,1,3,1,98.14,25.8,2,0
1885,1,32,0,0,0,0,0,89.59,19.9,3,0
1886,0,37,0,0,0,2,0,196.24,31.9,0,0
1887,1,38,1,1,1,2,1,88.88,37.1,2,0
1888,1,38,0,0,1,2,0,148.65,45.2,1,0
1889,1,63,0,0,1,2,0,85.43,31.0,3,0
1890,0,28,0,0,0,2,1,86.95,28.4,2,0
1891,0,51,1,0,1,2,1,234.38,22.5,0,0
1892,0,69,1,1,0,3,0,205.32,16.3,1,1
1893,1,38,0,0,1,2,0,92.91,29.7,2,0
1894,0,35,0,0,1,2,0,123.85,43.8,2,0
1895,1,43,0,0,1,2,0,92.41,36.8,1,0
1896,1,69,0,0,1,2,0,81.74,35.8,2,0
1897,0,51,0,0,0,2,1,130.06,30.1,2,0
1898,1,38,0,1,1,4,1,255.67,30.8,2,0
1899,1,56,0,0,0,2,1,210.8,14.0,3,1
1900,1,28,0,0,0,3,1,98.88,28.4,3,0
1901,1,60,0,0,1,2,1,159.86,24.7,2,0
1902,1,55,0,0,0,3,1,232.59,23.9,3,0
1903,0,42,0,0,1,3,0,73.47,26.4,0,0
1904,0,32,0,0,1,2,0,95.51,26.2,0,0
1905,0,32,0,1,1,0,1,70.13,23.8,0,0
1906,0,57,0,1,0,2,0,237.68,28.6,0,1
1907,1,70,0,0,0,0,0,209.61,24.9,2,0
1908,1,36,0,0,1,2,0,95.36,29.2,2,0
1909,1,56,1,0,0,4,0,95.01,18.8,1,0
1910,0,18,0,0,0,0,1,97.22,28.4,3,0
1911,1,37,0,0,1,4,0,216.21,21.4,0,0
1912,0,47,0,0,0,2,0,80.9,24.3,2,0
1913,1,31,0,0,1,2,1,86.08,29.4,1,0
1914,0,31,0,0,0,0,0,200.32,18.1,3,0
1915,0,35,0,0,1,4,0,106.02,23.2,1,0
1916,1,53,0,0,1,4,0,72.8,32.2,1,0
1917,0,44,0,0,1,2,0,193.34,19.3,2,0
1918,0,18,0,0,0,0,0,79.1,40.1,0,0
1919,1,18,0,0,0,2,1,195.28,36.3,1,0
1920,0,37,0,1,1,2,1,108.22,25.3,1,0
1921,0,56,0,0,1,2,1,76.13,23.4,2,0
1922,0,18,0,0,0,2,0,94.61,29.8,1,0
1923,0,39,1,0,1,4,0,117.52,19.1,2,0
1924,0,38,0,0,0,2,1,96.23,15.5,2,0
1925,1,72,1,1,1,3,0,111.32,25.5,2,1
1926,1,41,1,1,1,3,0,104.98,28.4,2,1
1927,0,54,0,0,0,2,0,206.95,29.1,3,1
1928,0,50,0,0,1,2,1,87.15,24.5,1,0
1929,1,18,0,0,0,2,1,90.52,36.8,0,0
1930,1,61,1,0,1,2,0,91.56,18.8,2,0
1931,0,51,1,0,1,0,0,103.74,21.1,2,0
1932,0,57,1,0,0,4,0,96.13,31.7,0,0
1933,0,90,0,1,1,2,0,55.0,20.9,2,0
1934,1,18,0,0,0,2,1,210.75,20.7,2,0
1935,1,79,0,0,1,2,0,57.19,28.4,2,0
1936,1,42,0,0,1,0,1,92.63,21.7,0,0
1937,0,53,0,1,1,2,1,93.61,28.4,0,1
1938,1,47,0,0,0,2,1,94.25,24.0,2,0
1939,0,40,0,0,1,2,1,75.62,22.9,3,0
1940,1,37,0,0,1,4,1,153.37,14.8,1,0
1941,0,53,0,0,0,2,0,100.74,29.4,0,0
1942,0,20,0,0,0,2,0,71.17,20.4,2,0
1943,0,61,1,0,1,4,1,68.01,27.4,0,0
1944,1,40,0,0,0,3,0,203.56,25.2,2,0
1945,1,27,0,0,0,3,1,116.88,27.2,1,0
1946,1,39,0,0,1,2,1,115.5,27.5,2,0
1947,0,70,0,0,1,4,0,98.45,29.8,0,0
1948,0,38,1,1,1,3,0,79.05,23.8,3,0
1949,0,54,0,0,1,4,0,103.3,36.6,1,0
1950,0,34,0,0,1,3,1,83.21,16.5,3,0
1951,0,61,0,0,0,0,0,184.35,28.4,3,0
1952,1,60,0,0,0,2,0,57.84,33.9,0,0
1953,0,81,1,1,0,2,0,91.54,31.6,2,1
1954,1,44,0,0,1,0,1,80.55,22.2,1,0
1955,1,60,0,0,0,2,0,91.45,23.2,2,0
1956,0,49,0,0,1,2,0,55.51,22.0,1,0
1957,1,71,0,1,1,2,0,92.55,32.4,0,0
1958,1,35,1,0,1,0,1,230.06,23.7,3,0
1959,0,61,0,0,1,2,0,106.32,30.2,0,0
1960,1,44,1,1,0,0,1,97.83,30.2,2,0
1961,0,46,0,0,1,3,0,200.77,43.9,3,0
1962,1,49,0,0,1,2,1,98.44,30.5,2,0
1963,1,52,0,0,0,2,1,75.33,23.2,0,0
1964,1,45,0,0,1,2,0,91.09,19.0,2,1
1965,1,51,0,0,0,2,1,101.92,26.7,3,0
1966,0,76,0,0,1,2,1,195.32,27.7,0,1
1967,1,65,0,1,1,2,1,83.29,14.1,0,0
1968,0,63,0,1,0,4,1,89.66,23.9,1,0
1969,0,39,0,0,1,2,0,228.84,30.4,2,0
1970,0,31,0,0,1,3,0,111.86,25.0,1,0
1971,0,65,0,0,1,2,0,73.14,34.8,2,0
1972,0,63,0,0,1,3,1,80.68,18.4,3,0
1973,1,74,0,1,1,2,0,61.26,32.9,0,0
1974,1,37,1,0,1,3,1,112.65,34.4,2,0
1975,1,43,0,1,1,3,0,86.31,28.4,3,0
1976,0,18,0,0,0,3,1,83.42,18.3,0,0
1977,1,40,0,0,1,2,0,89.21,30.5,2,0
1978,0,65,0,0,1,3,0,99.54,24.2,1,0
1979,0,39,0,1,1,2,1,95.21,19.4,0,0
1980,1,59,0,0,0,2,1,129.72,25.8,0,0
1981,0,44,0,0,0,2,0,96.81,22.6,1,0
1982,1,53,0,0,1,2,1,83.02,34.5,2,0
1983,1,27,0,0,0,2,1,81.58,31.8,2,0
1984,0,49,0,0,1,3,1,84.11,21.0,3,0
1985,0,18,0,0,0,2,0,67.47,23.8,2,0
1986,0,44,1,0,1,2,0,90.6,26.0,2,0
1987,0,18,0,0,0,2,1,101.75,28.0,0,0
1988,1,69,0,0,1,3,1,80.8,35.0,0,0
1989,0,61,0,0,1,2,0,188.76,33.0,0,0
1990,0,56,1,0,0,2,0,192.06,28.8,2,1
1991,0,75,1,0,0,3,1,68.6,28.4,2,1
1992,1,30,0,1,1,2,0,58.98,17.0,0,0
1993,0,79,1,0,1,2,1,72.71,36.9,0,1
1994,1,64,0,0,1,2,1,208.35,25.6,0,0
1995,1,43,0,0,1,3,0,203.37,38.6,0,0
1996,0,68,1,0,1,3,0,84.59,29.8,0,0
1997,1,28,1,0,0,2,1,189.62,41.7,1,0
1998,0,33,0,0,1,2,1,107.29,32.4,2,0
1999,0,37,1,0,0,2,1,79.63,19.2,3,0
2000,1,38,0,0,1,3,1,101.63,24.5,3,0
2001,0,28,1,0,0,4,1,112.67,27.4,2,0
2002,0,70,0,0,1,2,1,133.69,22.8,0,0
2003,0,43,0,0,1,2,0,101.06,26.0,2,0
2004,0,54,0,0,0,0,0,86.37,19.6,0,0
2005,0,37,0,0,1,0,0,103.86,28.5,2,0
2006,0,18,0,1,0,4,0,66.43,28.4,1,0
2007,0,52,0,0,0,3,1,65.32,22.0,0,0
2008,1,18,0,0,0,4,1,84.13,41.1,2,0
2009,0,46,0,0,1,2,1,76.67,28.9,1,0
2010,1,23,0,0,0,2,0,82.25,23.2,2,0
2011,0,83,0,0,0,2,1,170.88,17.9,0,0
2012,0,64,0,0,1,3,0,100.8,28.9,0,0
2013,1,49,0,0,0,2,0,83.89,26.8,0,0
2014,0,70,1,1,0,2,1,77.64,33.6,0,1
2015,0,32,0,0,1,2,1,84.73,27.6,0,0
2016,1,57,0,1,1,2,0,78.46,20.7,2,0
2017,0,51,0,0,0,4,0,75.99,39.4,2,0
2018,0,52,0,0,1,2,0,65.8,31.3,1,0
2019,1,70,0,0,1,2,1,91.04,26.8,3,1
2020,0,61,0,0,1,0,0,81.47,29.6,0,0
2021,1,53,1,1,1,2,1,182.39,31.6,2,1
2022,0,18,0,0,0,3,0,68.29,19.2,2,0
2023,0,30,0,0,0,0,0,191.56,29.5,1,0
2024,0,45,0,0,1,4,0,117.19,25.6,2,0
2025,0,49,1,0,1,4,1,75.91,31.8,3,1
2026,0,27,0,0,0,2,0,86.45,23.7,3,0
2027,0,90,0,1,1,3,1,201.2,24.6,0,1
2028,1,75,0,0,1,2,1,69.77,39.3,2,0
2029,0,58,0,0,1,2,1,113.21,36.5,0,0
2030,1,49,0,0,1,2,0,92.57,14.0,2,0
2031,0,44,0,0,1,2,0,92.01,36.0,2,0
2032,1,30,1,0,1,4,1,119.16,28.0,3,0
2033,1,49,0,0,1,2,0,169.97,23.9,2,0
2034,1,52,0,0,0,2,1,107.36,22.0,2,0
2035,0,25,0,0,0,2,1,107.24,22.3,2,0
2036,1,54,0,0,1,2,1,145.49,24.1,3,0
2037,0,45,0,0,1,4,0,73.06,21.2,0,0
2038,1,18,0,1,0,2,0,94.7,19.7,3,0
2039,1,32,0,0,1,3,1,197.55,21.7,3,0
2040,0,40,0,1,1,2,0,63.08,30.6,2,0
2041,0,81,0,0,1,2,1,73.18,28.8,2,0
2042,1,58,0,1,0,2,0,103.32,32.1,2,0
2043,0,23,0,0,0,0,1,103.14,28.1,0,0
2044,0,56,0,1,1,2,0,66.77,20.0,2,0
2045,0,20,0,0,0,2,0,101.93,31.7,0,0
2046,1,67,0,0,1,2,0,127.82,22.0,2,0
2047,1,39,0,1,0,0,1,241.33,28.4,3,1
2048,0,46,1,0,0,3,0,128.87,20.9,0,0
2049,1,71,0,0,1,2,1,99.68,24.0,2,0
2050,0,24,0,1,0,2,0,102.66,26.2,0,0
2051,0,22,0,0,0,4,1,84.73,32.9,2,0
2052,0,37,0,0,1,0,1,90.27,29.6,2,0
2053,0,66,0,0,1,0,0,80.27,28.6,2,0
2054,0,20,0,1,0,0,0,114.77,40.8,0,0
2055,1,18,0,0,0,3,1,88.2,16.6,2,0
2056,0,39,1,0,0,2,0,76.17,21.8,2,0
2057,1,57,0,0,0,4,0,79.26,21.5,0,0
2058,0,69,0,1,1,4,0,91.9,17.0,2,1
2059,0,39,1,0,1,2,1,101.3,23.8,1,0
2060,0,40,0,1,0,2,0,69.96,33.0,0,0
2061,0,68,0,1,1,4,1,168.32,24.7,2,1
2062,0,18,0,0,0,2,1,208.03,26.3,2,0
2063,1,41,1,0,1,4,0,97.0,17.3,0,0
2064,0,51,1,0,1,2,0,88.54,23.3,2,0
2065,0,56,0,0,1,2,0,90.29,25.5,2,0
2066,1,38,0,0,1,2,1,87.78,32.7,1,0
2067,1,48,0,1,1,2,1,105.27,17.6,0,0
2068,1,18,0,0,0,2,1,142.75,25.5,2,0
2069,1,36,0,0,1,2,1,101.51,35.6,2,0
2070,1,56,1,0,1,3,1,188.06,25.6,2,0
2071,1,30,0,0,0,4,1,92.93,14.7,2,0
2072,1,49,1,0,1,2,0,77.94,36.8,3,0
2073,1,56,0,0,1,2,0,108.25,33.3,2,0
2074,0,41,0,1,1,2,0,77.49,34.2,3,0
2075,0,51,0,1,1,2,0,85.13,17.2,1,0
2076,1,30,0,0,1,2,1,85.28,38.3,2,0
2077,0,44,0,1,1,2,1,220.48,23.5,2,0
2078,1,58,1,0,1,2,0,139.02,25.2,2,1
2079,0,50,1,0,1,2,0,195.85,28.4,2,1
2080,0,37,0,0,1,2,0,110.91,34.7,3,0
2081,1,52,0,0,1,3,1,77.72,27.3,3,0
2082,1,60,1,1,1,2,1,92.54,31.6,2,0
2083,0,18,0,0,0,4,0,78.36,28.4,3,0
2084,0,68,0,0,1,4,0,96.31,27.9,0,0
2085,0,41,0,0,1,4,0,89.76,22.3,2,0
2086,0,55,1,0,1,4,1,87.67,40.3,1,0
2087,1,69,0,0,1,2,0,180.64,19.0,0,0
2088,0,23,0,0,0,2,0,160.39,31.2,2,0
2089,1,35,1,0,1,2,0,98.8,30.9,0,0
2090,0,42,0,0,1,0,0,222.24,36.0,0,0
2091,0,33,0,0,1,4,0,91.69,37.5,2,0
2092,0,79,0,0,1,0,0,72.07,27.6,0,0
2093,0,32,1,0,0,2,0,168.85,31.9,2,0
2094,1,38,0,0,0,0,1,88.77,40.0,2,0
2095,1,51,1,1,1,2,0,211.85,28.1,1,0
2096,1,26,0,0,0,2,0,91.51,28.4,2,0
2097,1,40,0,0,1,0,1,205.95,26.0,1,0
2098,0,53,1,0,1,2,0,219.75,20.0,2,0
2099,1,42,0,0,1,1,1,84.19,30.9,0,0
2100,1,46,0,0,1,2,0,113.09,35.4,1,0
2101,0,38,0,0,0,0,0,96.56,27.7,1,0
2102,0,20,0,0,0,2,1,80.36,18.0,2,0
2103,0,53,0,0,1,0,1,97.06,35.1,2,0
2104,0,79,0,1,1,0,0,202.49,17.0,2,1
2105,1,48,0,0,1,4,0,60.16,18.5,0,0
2106,1,52,1,0,0,2,1,174.09,27.3,2,0
2107,0,60,0,0,0,4,0,106.42,30.1,3,0
2108,0,25,1,0,0,2,0,117.57,31.2,2,0
2109,1,78,0,0,1,2,1,96.33,28.1,3,0
2110,0,51,0,0,1,2,1,86.27,39.9,1,0
2111,1,77,0,0,1,0,0,102.52,28.9,1,0
2112,1,34,0,0,1,2,1,102.75,35.2,3,0
2113,0,80,0,0,1,0,0,114.57,33.6,1,0
2114,0,61,1,1,1,3,0,89.33,20.1,0,0
2115,0,57,1,0,1,2,1,87.52,27.4,0,0
2116,1,52,1,0,1,4,0,218.92,42.3,1,0
2117,0,43,0,0,1,2,1,148.83,25.2,0,0
2118,1,69,1,0,1,4,0,66.78,24.1,0,0
2119,1,50,0,0,1,2,0,101.64,29.6,1,0
2120,0,18,0,0,0,2,0,98.82,25.5,2,0
2121,0,27,1,0,0,2,0,215.86,23.3,3,0
2122,0,44,0,0,1,2,0,92.07,25.4,2,0
2123,0,53,0,0,1,2,0,112.99,37.8,1,0
2124,0,46,0,0,0,2,0,103.08,27.6,3,0
2125,0,69,0,0,1,2,1,80.89,19.9,3,1
2126,1,18,0,0,0,2,0,81.16,18.7,3,0
2127,1,50,0,0,1,2,0,76.8,42.8,3,0
2128,1,18,1,0,0,0,1,98.27,27.0,2,0
2129,1,61,0,0,1,2,1,75.0,31.3,2,0
2130,0,46,0,0,1,4,1,106.25,23.5,3,0
2131,0,55,0,1,1,3,1,109.84,30.6,1,1
2132,1,32,0,0,1,3,1,190.54,38.0,0,0
2133,1,71,0,0,1,3,1,87.22,24.3,2,1
2134,0,66,1,1,1,2,1,255.54,31.5,2,1
2135,1,58,1,1,0,3,0,103.26,19.4,3,1
2136,0,45,1,0,0,2,1,114.14,41.6,1,0
2137,0,58,1,1,1,0,0,64.72,30.2,2,1
2138,0,35,1,0,1,0,0,85.23,25.8,1,0
2139,0,63,0,0,1,2,0,86.01,26.6,2,0
2140,0,77,1,0,0,0,0,68.99,25.2,2,0
2141,1,67,0,0,1,2,1,177.51,25.5,2,0
2142,0,34,0,0,0,2,0,96.42,14.0,3,0
2143,0,54,0,0,1,2,0,85.82,27.9,0,0
2144,1,24,0,1,0,0,1,228.16,27.6,2,0
2145,0,58,0,1,0,0,1,133.11,31.7,2,0
2146,0,56,1,1,1,0,1,93.99,25.1,0,0
2147,0,18,0,0,0,2,1,91.68,23.5,0,0
2148,0,27,0,1,0,2,1,73.53,28.4,2,0
2149,0,42,0,0,1,3,0,93.91,18.0,1,0
2150,0,42,0,0,1,2,0,87.54,29.4,2,0
2151,0,26,0,0,0,3,0,61.67,16.4,2,0
2152,0,55,0,1,1,2,0,73.95,35.8,3,0
2153,0,52,0,0,0,2,0,101.92,32.9,0,0
2154,0,44,0,0,0,2,0,119.16,22.5,3,0
2155,0,34,0,0,1,3,0,95.51,32.8,0,0
2156,1,66,1,0,1,2,1,106.55,29.2,1,0
2157,0,77,0,0,1,2,0,225.94,21.9,0,1
2158,0,39,0,0,1,2,0,88.7,15.4,2,0
2159,1,36,0,0,1,2,1,106.36,30.6,2,0
2160,0,56,1,0,0,2,0,114.94,23.3,0,0
2161,1,41,0,0,0,2,0,177.29,35.6,2,0
2162,1,45,0,0,1,3,0,74.0,28.6,2,0
2163,0,61,1,0,1,2,1,89.0,24.0,3,0
2164,1,18,0,0,0,0,0,94.16,40.2,2,0
2165,0,71,0,0,1,3,1,165.53,32.2,3,0
2166,0,49,0,0,1,2,1,95.82,14.0,2,0
2167,0,40,1,0,1,2,1,102.31,25.3,0,0
2168,1,46,1,0,0,4,0,105.04,19.5,2,0
2169,1,47,0,0,1,2,0,115.29,28.4,1,0
2170,0,18,0,0,0,2,1,85.06,28.4,2,0
2171,0,74,0,1,1,2,0,178.96,30.8,0,1
2172,0,48,1,0,1,3,1,95.37,30.2,3,0
2173,1,55,1,0,0,3,1,118.26,35.5,2,0
2174,0,65,0,0,0,4,0,82.85,32.6,2,0
2175,0,29,0,1,1,4,1,100.3,32.2,2,0
2176,0,56,0,0,1,2,0,100.44,29.8,3,1
2177,1,43,0,0,0,2,1,92.87,36.9,1,0
2178,0,63,0,0,1,2,1,90.1,26.4,2,0
2179,0,18,0,0,0,2,0,76.15,26.6,3,0
2180,0,46,1,0,1,2,0,55.78,16.1,0,0
2181,1,37,0,0,0,2,1,200.84,35.4,2,0
2182,0,55,0,0,0,2,0,84.15,28.0,1,0
2183,0,56,1,0,0,2,0,203.41,47.6,3,1
2184,1,35,1,0,1,2,0,88.45,25.9,3,0
2185,0,35,0,0,1,4,1,82.21,29.1,2,0
2186,0,46,0,0,1,3,0,76.64,32.1,2,0
2187,1,31,0,1,0,4,0,99.85,21.3,2,0
2188,1,63,0,0,1,2,1,110.38,30.8,3,0
2189,0,41,1,0,1,2,0,142.76,28.4,3,0
2190,1,18,1,0,0,2,0,224.13,28.4,2,0
2191,0,41,0,0,1,2,0,67.87,36.1,2,0
2192,1,29,0,0,0,2,0,223.88,22.6,2,0
2193,0,18,0,0,0,4,0,119.21,30.3,0,0
2194,1,25,1,0,0,4,0,158.04,38.0,2,0
2195,0,49,0,1,1,2,0,66.94,23.9,1,0
2196,0,71,0,0,0,2,0,222.86,26.6,0,1
2197,0,53,0,1,0,2,0,95.45,28.4,0,0
2198,0,37,0,0,1,2,1,216.62,31.6,3,0
2199,1,56,0,1,0,2,1,55.36,25.2,2,0
2200,0,39,0,0,1,2,0,91.48,33.7,0,0
2201,1,35,1,0,0,2,1,78.18,24.8,0,0
2202,1,27,1,1,0,2,0,188.29,18.3,0,0
2203,1,18,0,0,0,2,0,84.68,28.4,2,0
2204,0,40,0,0,1,2,0,87.99,21.3,2,0
2205,0,50,0,0,1,2,0,89.86,44.4,3,0
2206,0,46,0,0,1,4,0,190.02,25.3,0,0
2207,0,40,0,0,1,2,1,86.7,42.4,0,0
2208,1,30,1,1,0,4,0,63.64,19.6,0,0
2209,0,58,0,0,0,0,1,192.92,35.2,1,1
2210,0,24,0,0,0,4,1,55.0,31.7,2,0
2211,0,61,1,1,1,0,1,85.66,33.9,3,1
2212,1,29,1,0,0,3,1,103.79,28.4,0,0
2213,0,34,0,0,0,0,1,229.95,25.3,3,0
2214,0,21,0,0,0,2,1,100.75,20.0,0,0
2215,1,38,0,0,1,2,0,107.34,28.2,2,0
2216,1,65,0,0,1,4,0,231.21,29.9,2,0
2217,0,57,0,0,1,0,1,87.73,25.4,0,0
2218,0,65,0,0,1,4,1,199.18,30.3,2,0
2219,1,57,1,0,1,0,0,88.23,30.6,3,0
2220,0,28,0,0,0,4,0,89.89,22.6,0,0
2221,1,42,0,0,1,3,0,55.0,31.1,2,0
2222,0,33,0,0,1,0,1,118.87,26.8,0,0
2223,0,71,0,1,1,2,0,94.29,24.0,2,0
2224,1,26,1,0,0,4,0,77.26,33.6,0,0
2225,0,64,0,0,0,0,0,212.07,23.4,2,0
2226,1,64,0,0,0,0,1,63.07,25.5,3,0
2227,1,80,0,0,1,3,1,189.74,29.0,3,1
2228,0,40,0,1,1,2,1,55.51,37.4,1,1
2229,1,60,0,0,0,2,1,117.02,29.8,3,0
2230,0,89,1,0,1,4,1,206.1,31.9,0,1
2231,1,36,0,0,1,3,0,99.89,26.6,0,0
2232,1,20,0,0,0,2,0,175.22,28.0,0,0
2233,1,18,0,0,0,2,0,98.61,28.2,1,0
2234,0,60,1,0,1,0,0,91.17,30.4,1,1
2235,1,18,1,1,0,0,1,94.06,26.6,2,0
2236,0,41,0,1,1,0,0,91.61,37.2,0,0
2237,0,55,0,0,1,3,0,80.87,26.1,2,0
2238,0,51,0,0,1,2,1,89.3,17.4,2,0
2239,1,55,0,0,1,2,1,94.1,46.3,2,0
2240,0,52,0,1,1,2,0,91.66,26.4,1,0
2241,0,71,1,1,1,0,0,202.67,37.0,0,1
2242,0,30,1,0,1,2,1,207.86,37.6,2,0
2243,0,35,0,0,1,3,0,106.24,34.6,0,0
2244,0,34,0,0,1,2,0,85.4,27.2,1,0
2245,0,62,1,0,1,2,0,98.77,30.4,0,0
2246,1,64,1,0,1,4,1,73.62,20.2,1,0
2247,1,56,0,0,0,2,1,67.9,41.4,2,0
2248,0,69,0,0,1,0,0,222.81,23.0,1,1
2249,0,26,0,0,0,2,0,86.66,26.8,1,0
2250,0,78,0,0,1,2,1,80.02,29.1,2,0
2251,0,75,0,0,0,2,1,174.93,27.8,2,0
2252,1,61,0,0,1,2,1,92.69,24.2,2,0
2253,1,80,1,0,1,0,1,237.79,37.6,2,1
2254,0,18,0,0,0,2,0,96.07,34.7,3,0
2255,0,38,0,0,0,2,0,55.0,30.6,1,0
2256,1,34,0,0,0,2,1,176.99,25.9,0,0
2257,0,60,1,0,1,3,1,67.36,35.4,0,0
2258,1,29,1,0,1,0,0,93.46,25.5,2,0
2259,0,61,0,0,1,2,1,78.38,38.7,1,0
2260,1,72,0,0,0,2,0,235.35,29.2,2,0
2261,0,60,1,0,1,0,0,111.59,36.5,1,0
2262,1,53,0,0,1,3,0,78.87,27.8,0,0
2263,0,30,0,0,0,2,1,88.09,29.0,2,0
2264,1,32,0,0,0,3,1,93.67,36.5,2,0
2265,1,70,0,0,0,3,1,102.95,42.8,2,0
2266,1,62,0,0,0,0,1,90.44,38.6,0,0
2267,0,47,1,0,0,3,1,74.63,34.2,3,0
2268,0,40,0,0,1,4,0,79.24,32.3,0,0
2269,1,18,0,0,0,2,0,89.93,25.2,0,0
2270,0,28,1,1,0,4,0,108.52,30.4,2,0
2271,0,82,0,0,1,2,1,96.42,22.6,2,0
2272,0,24,0,0,0,3,0,78.4,30.9,1,0
2273,1,51,0,0,0,2,0,99.73,31.4,1,0
2274,0,66,0,1,1,2,1,136.02,15.8,1,0
2275,1,25,0,0,0,0,0,103.36,28.8,2,0
2276,1,51,0,0,1,3,1,127.91,31.2,2,0
2277,0,64,0,1,1,2,1,84.62,28.0,2,0
2278,1,48,0,0,1,2,1,215.68,30.8,0,0
2279,0,90,1,1,1,2,0,78.82,19.8,0,1
2280,0,18,0,0,0,1,0,88.32,23.5,2,0
2281,0,67,0,0,1,4,1,90.44,35.2,2,0
2282,0,44,0,0,1,2,1,246.29,28.5,2,1
2283,1,61,0,0,1,0,1,126.95,28.4,0,0
2284,1,55,1,0,1,4,1,183.86,24.9,0,1
2285,0,34,0,0,1,2,1,98.8,28.6,2,0
2286,1,52,0,0,0,3,1,61.05,14.0,2,0
2287,1,18,0,0,0,2,1,96.48,34.0,2,0
2288,1,58,0,0,1,3,0,107.13,40.3,1,0
2289,1,53,0,0,1,2,0,82.09,21.6,3,0
2290,1,59,1,0,1,2,0,279.66,22.4,1,1
2291,1,67,1,0,1,2,1,89.42,31.4,0,0
2292,0,54,0,0,1,2,1,90.26,28.4,2,0
2293,0,50,0,0,0,0,1,100.86,28.5,0,0
2294,0,32,0,0,0,2,1,120.16,20.5,2,0
2295,1,35,0,0,0,2,1,197.24,27.1,2,0
2296,1,69,0,1,1,4,0,77.16,21.8,0,1
2297,1,73,0,0,1,2,0,72.5,24.2,0,0
2298,0,43,1,0,1,2,1,92.97,26.5,0,0
2299,0,48,0,0,1,4,1,97.19,22.5,0,0
2300,1,31,0,0,0,4,0,248.52,23.4,0,0
2301,0,69,0,0,1,2,1,194.87,29.0,2,0
2302,1,59,0,0,1,2,0,96.98,29.9,0,0
2303,0,82,0,0,1,4,0,90.65,19.2,0,1
2304,0,32,0,0,0,2,0,212.29,31.1,1,0
2305,0,41,0,0,0,2,1,82.77,26.0,1,0
2306,0,52,0,0,1,2,1,55.0,33.2,0,0
2307,0,59,0,1,0,2,1,93.54,33.6,0,0
2308,1,44,0,0,1,0,0,90.4,28.4,2,0
2309,0,32,1,0,0,0,0,210.42,32.5,0,0
2310,1,63,0,0,0,4,0,97.56,23.1,0,0
2311,0,60,0,0,0,0,0,199.56,37.1,2,0
2312,0,31,1,0,1,2,0,88.34,23.3,0,0
2313,0,72,0,0,1,2,0,90.73,30.8,2,1
2314,0,69,0,1,1,4,0,196.51,27.3,2,1
2315,0,50,0,1,1,2,0,232.87,21.9,3,1
2316,0,49,1,1,0,2,0,90.76,34.4,0,0
2317,0,57,0,1,1,4,1,78.96,24.5,2,0
2318,1,32,0,0,1,3,0,247.41,17.4,0,1
2319,1,48,0,0,0,2,1,80.12,14.0,1,0
2320,1,18,0,0,0,4,1,93.24,22.8,0,0
2321,1,63,0,0,1,1,0,91.75,37.4,0,0
2322,0,19,0,0,0,2,0,101.19,36.7,0,0
2323,1,75,0,0,1,4,0,219.5,23.8,0,0
2324,0,42,0,1,1,2,1,100.41,26.1,0,0
2325,1,44,0,0,0,2,0,58.41,25.5,2,0
2326,1,36,0,1,1,4,1,107.91,19.8,2,1
2327,0,42,1,1,0,4,0,112.91,22.3,2,0
2328,0,73,1,0,1,2,1,82.77,34.9,0,0
2329,0,18,0,0,0,2,0,93.55,31.8,2,0
2330,0,70,0,0,1,2,0,76.64,30.3,2,0
2331,0,54,0,0,1,2,1,60.77,19.8,0,0
2332,1,26,1,0,0,2,0,186.37,29.2,0,0
2333,0,28,0,0,0,2,0,81.9,14.0,0,0
2334,0,78,1,1,1,2,1,84.68,34.0,2,1
2335,0,30,0,0,1,2,1,75.62,30.2,1,0
2336,1,27,0,0,0,2,1,79.0,19.8,2,0
2337,0,68,0,0,1,0,1,235.65,39.0,2,0
2338,1,54,0,0,0,2,0,78.45,16.8,2,0
2339,1,31,0,0,0,2,0,232.49,31.9,2,0
2340,1,51,1,0,1,4,1,100.22,32.1,2,0
2341,0,29,0,0,1,0,1,125.71,20.4,3,0
2342,0,67,0,0,0,2,0,106.89,28.3,1,0
2343,0,67,0,0,1,2,1,93.65,17.9,2,0
2344,0,57,1,0,0,3,1,219.66,14.0,0,0
2345,0,54,0,0,1,2,1,94.41,21.6,0,0
2346,1,79,1,0,0,0,0,94.9,24.5,0,1
2347,1,47,1,0,1,2,0,82.3,28.4,1,0
2348,0,26,0,1,0,2,0,186.74,28.9,0,0
2349,1,56,0,0,1,2,1,185.16,29.1,0,0
2350,0,85,0,0,1,0,0,86.33,21.9,3,1
2351,0,29,0,0,1,4,0,98.34,25.1,1,0
2352,0,41,1,0,1,2,0,85.69,22.5,2,0
2353,0,55,1,1,0,2,1,86.9,20.5,0,0
2354,0,47,0,0,1,2,0,87.93,24.6,3,0
2355,0,30,0,0,0,2,0,77.47,29.0,0,0
2356,0,68,0,0,1,4,1,175.35,24.8,3,0
2357,0,89,0,0,0,2,1,150.96,26.4,0,0
2358,1,51,0,0,1,4,0,94.77,33.0,0,0
2359,0,31,0,0,0,3,0,96.2,25.2,0,0
2360,0,20,0,0,0,4,0,201.33,19.8,2,0
2361,1,52,1,0,1,0,0,91.1,32.2,2,0
2362,0,67,0,0,0,2,0,76.36,30.2,0,0
2363,0,56,0,0,0,2,1,153.77,30.6,0,0
2364,0,47,0,0,1,2,1,72.92,32.6,2,0
2365,1,37,1,0,1,2,0,80.19,31.5,0,0
2366,0,28,0,0,0,2,1,71.64,28.7,3,0
2367,0,63,0,0,0,2,1,69.63,44.0,2,0
2368,1,64,0,0,1,4,0,113.87,20.1,1,0
2369,1,20,0,0,0,2,0,98.14,24.7,0,0
2370,0,76,0,0,1,0,1,92.1,34.8,1,0
2371,1,58,1,0,1,4,1,208.7,29.4,0,1
2372,0,73,1,1,0,4,1,103.61,33.4,2,0
2373,0,23,0,0,0,2,1,77.64,29.6,0,0
2374,1,23,0,0,0,2,0,101.9,37.4,0,0
2375,0,45,0,0,1,2,1,76.91,22.0,1,0
2376,0,57,0,1,1,2,0,189.88,37.2,2,1
2377,0,80,1,0,1,2,0,101.37,36.1,3,0
2378,1,60,0,1,1,0,0,102.96,28.4,0,0
2379,0,43,0,1,1,2,1,98.96,32.6,2,0
2380,1,29,0,0,1,2,0,74.25,28.2,1,0
2381,1,70,0,1,1,4,1,83.3,24.6,2,0
2382,0,30,0,0,0,2,1,92.35,16.2,1,0
2383,1,77,0,1,1,2,0,77.26,21.9,1,1
2384,0,42,0,0,0,0,1,172.47,33.1,0,0
2385,1,76,1,0,1,2,0,221.86,33.8,1,1
2386,0,60,0,0,1,3,1,220.12,27.1,3,1
2387,1,45,0,0,0,2,1,216.71,33.8,0,0
2388,0,38,0,0,1,4,0,55.0,34.6,2,0
2389,0,41,0,0,1,2,0,222.31,29.5,3,0
2390,1,55,1,0,1,2,1,99.38,23.8,0,1
2391,1,49,0,0,1,3,0,90.45,31.4,2,0
2392,1,37,0,0,0,2,1,113.6,31.7,2,0
2393,0,45,0,0,1,2,0,113.18,32.9,1,0
2394,1,49,1,0,1,2,1,96.5,34.1,2,0
2395,0,18,0,0,0,2,0,94.7,19.6,2,0
2396,0,56,0,0,1,2,0,90.99,25.2,0,0
2397,1,30,0,0,0,3,0,55.0,28.4,1,0
2398,0,27,0,0,0,2,0,69.08,33.4,0,0
2399,0,18,0,1,0,3,1,91.51,27.1,2,0
2400,1,18,0,0,0,2,0,192.83,31.3,0,0
2401,1,23,0,1,0,2,1,94.35,18.9,0,0
2402,1,35,1,0,1,0,1,173.97,37.6,0,0
2403,0,83,0,0,0,0,1,209.61,20.7,1,0
2404,0,38,0,0,1,2,0,112.24,33.5,1,1
2405,0,51,0,0,1,2,1,104.07,29.3,3,0
2406,0,55,1,0,0,2,1,104.84,27.3,0,0
2407,0,50,0,0,1,2,0,179.88,26.7,0,0
2408,0,46,1,0,1,3,0,106.14,24.4,2,0
2409,0,26,1,0,0,2,1,92.19,36.9,0,0
2410,1,74,1,1,0,3,1,97.67,28.6,0,0
2411,1,80,0,0,0,2,0,200.82,20.3,3,1
2412,1,18,0,0,0,2,0,88.18,26.0,2,0
2413,1,29,0,0,1,0,1,261.84,29.3,0,0
2414,0,42,0,0,0,2,0,88.77,34.3,1,0
2415,0,30,0,0,1,2,0,104.8,24.6,0,0
2416,1,57,0,0,1,4,0,83.38,25.0,0,0
2417,1,34,0,1,0,4,0,222.74,28.7,2,0
2418,0,86,0,0,0,0,0,101.06,34.2,3,1
2419,0,69,0,1,1,2,0,190.17,19.6,1,1
2420,1,51,0,0,1,2,1,255.72,31.8,0,1
2421,0,66,0,0,1,4,0,192.01,25.5,2,1
2422,1,67,0,0,1,2,0,112.64,26.4,2,0
2423,1,37,0,0,0,0,1,96.51,41.5,0,0
2424,0,33,0,0,1,2,0,89.76,27.2,2,0
2425,0,49,0,0,0,2,1,219.65,28.4,3,1
2426,1,63,0,0,1,4,1,124.56,33.2,2,0
2427,0,50,0,0,1,2,1,194.83,20.8,3,0
2428,0,19,0,0,0,2,0,71.13,16.5,3,0
2429,0,33,0,0,0,2,0,86.74,33.8,1,0
2430,0,46,0,0,1,2,1,140.05,21.5,0,0
2431,0,46,0,0,1,2,0,98.79,17.7,2,0
2432,0,83,0,0,1,2,1,190.92,35.2,1,0
2433,0,23,0,0,0,2,0,71.6,21.9,1,0
2434,1,57,0,1,1,0,0,115.68,23.5,3,0
2435,1,74,0,1,1,2,0,192.57,41.3,1,1
2436,1,88,1,0,1,4,0,75.37,17.7,2,1
2437,0,40,0,0,1,2,1,101.37,20.3,0,0
2438,1,56,0,0,1,3,0,125.36,25.5,1,0
2439,0,58,0,0,1,2,0,88.77,28.4,2,0
2440,0,51,0,0,1,0,1,176.99,22.7,1,0
2441,1,46,1,0,1,1,0,225.49,21.0,2,0
2442,0,55,0,0,1,0,0,100.86,38.3,2,0
2443,0,18,0,0,0,2,1,85.71,30.2,2,0
2444,0,60,0,0,1,2,0,68.45,32.3,2,0
2445,1,50,0,0,1,0,0,98.27,27.6,2,1
2446,0,43,1,0,1,4,0,71.92,30.4,1,0
2447,0,84,0,0,0,4,1,247.38,34.6,3,1
2448,0,35,0,0,1,2,1,107.89,22.0,3,0
2449,0,40,1,0,1,1,1,72.05,30.2,2,0
2450,0,83,0,0,1,2,0,55.25,33.0,0,0
2451,0,33,0,0,1,2,0,99.34,38.5,0,0
2452,0,38,1,0,0,2,0,85.44,41.2,0,0
2453,0,45,0,0,0,2,1,155.21,29.0,2,0
2454,1,63,0,0,1,0,1,85.28,35.9,3,0
2455,0,51,0,0,0,0,0,93.48,14.0,2,0
2456,0,24,0,0,0,0,0,78.71,38.6,0,0
2457,0,38,0,0,1,3,0,112.14,23.8,2,0
2458,1,37,1,0,1,2,0,67.86,26.9,2,0
2459,0,46,0,0,1,3,0,168.66,31.4,1,0
2460,1,55,0,0,1,2,0,99.63,27.5,3,0
2461,0,55,1,0,1,0,0,78.61,29.8,3,0
2462,1,18,0,0,0,3,1,74.64,38.8,2,0
2463,0,67,0,0,0,3,0,105.26,26.0,1,0
2464,0,52,0,1,0,2,0,75.14,21.4,0,0
2465,1,72,1,1,1,4,1,80.9,40.3,0,0
2466,0,55,1,0,1,2,1,103.31,31.9,3,1
2467,1,67,0,1,0,2,1,90.52,41.0,3,0
2468,0,56,0,0,0,0,0,63.04,34.1,2,0
2469,0,72,0,0,0,2,1,116.21,19.9,2,0
2470,0,57,1,0,1,4,1,82.05,32.7,2,0
2471,0,46,0,0,1,2,0,203.81,22.1,1,1
2472,0,88,0,0,1,2,1,93.84,28.5,0,1
2473,1,64,1,1,0,4,0,172.43,28.4,1,1
2474,1,58,0,0,1,2,1,119.42,18.0,2,0
2475,0,25,0,0,0,2,0,65.1,23.2,1,0
2476,0,24,0,0,0,2,1,102.39,42.8,2,0
2477,0,53,0,1,0,2,1,159.54,30.0,0,1
2478,0,50,0,0,1,3,1,87.94,28.4,2,0
2479,0,36,1,0,1,2,0,101.81,28.4,1,0
2480,0,50,0,0,1,4,0,104.01,25.9,3,0
2481,1,76,0,0,1,0,1,69.27,27.9,2,0
2482,0,60,0,0,1,2,0,116.25,34.9,2,0
2483,1,27,0,0,0,3,1,66.62,25.9,3,0
2484,1,45,0,0,1,3,0,72.97,23.6,2,0
2485,1,33,0,0,1,2,0,86.07,14.0,3,0
2486,1,41,1,1,0,2,0,118.87,22.4,0,0
2487,0,40,0,0,1,2,0,85.38,22.4,2,0
2488,1,39,0,0,1,3,0,89.52,29.5,1,0
2489,0,25,0,0,0,3,0,111.48,24.5,0,0
2490,1,45,1,0,1,2,0,85.5,42.5,1,0
2491,1,37,0,0,0,0,0,72.32,21.6,0,0
2492,1,18,0,0,0,0,0,83.74,37.6,2,0
2493,1,84,0,0,1,3,0,110.56,29.9,0,0
2494,0,67,1,0,1,0,0,91.06,33.7,3,0
2495,0,41,0,0,1,2,0,118.96,33.3,0,0
2496,0,48,0,0,1,4,0,101.07,14.1,2,0
2497,0,26,0,0,0,3,1,80.33,28.4,2,0
2498,1,78,0,0,1,0,1,90.77,26.8,2,0
2499,0,82,0,0,1,2,1,77.2,21.1,0,0
2500,0,50,1,0,1,2,1,228.22,31.5,1,0
2501,0,66,0,0,1,2,1,157.19,39.7,0,1
2502,1,51,1,0,1,2,0,105.28,14.0,2,0
2503,1,23,1,0,0,3,0,102.92,25.0,2,0
2504,1,40,0,0,1,2,0,80.65,20.4,2,0
2505,1,50,1,0,1,0,1,247.75,29.0,3,1
2506,0,39,0,1,1,3,0,208.21,26.4,0,0
2507,0,44,0,0,1,3,0,170.3,24.6,1,0
2508,0,46,0,0,1,2,0,187.76,33.0,0,0
2509,0,46,0,0,1,4,1,67.81,28.4,2,0
2510,0,48,0,0,1,0,0,73.35,45.8,3,0
2511,0,28,0,0,0,0,0,226.26,23.7,0,0
2512,0,35,0,0,1,2,0,75.84,16.7,2,0
2513,1,24,0,0,0,2,0,250.16,32.1,2,0
2514,1,65,1,0,1,2,0,81.5,39.0,2,0
2515,1,18,0,0,0,2,0,121.09,33.8,2,0
2516,0,68,1,0,0,2,0,197.18,38.9,0,1
2517,0,72,0,0,0,2,0,89.9,27.0,0,0
2518,1,42,0,0,1,3,0,119.33,24.5,0,0
2519,0,18,0,0,0,2,1,112.32,29.3,0,0
2520,1,41,0,0,1,2,1,83.24,26.4,2,0
2521,0,46,1,0,0,4,1,284.92,32.8,2,1
2522,1,29,0,0,1,2,1,86.73,34.8,0,0
2523,1,38,0,0,0,0,1,80.33,35.3,3,0
2524,0,75,0,0,1,2,1,93.1,31.8,3,0
2525,1,59,0,0,1,2,0,202.4,30.1,0,0
2526,1,31,1,1,1,2,1,90.95,33.7,1,0
2527,1,19,0,0,0,0,1,97.86,15.7,2,0
2528,0,42,0,0,1,2,0,71.81,29.9,0,0
2529,0,44,0,0,1,4,0,175.03,28.8,1,0
2530,1,56,0,0,1,2,0,217.75,29.9,0,0
2531,0,38,0,0,0,2,0,93.0,27.9,1,0
2532,0,57,1,0,1,3,1,104.36,28.4,2,0
2533,1,82,1,1,1,2,1,134.64,24.8,2,0
2534,1,62,0,0,1,0,1,85.78,35.8,0,1
2535,1,47,1,0,1,2,1,180.03,31.6,3,0
2536,1,44,0,0,1,2,1,82.29,29.5,1,0
2537,0,41,0,0,1,0,0,103.5,24.0,1,0
2538,1,69,0,0,1,4,1,79.19,33.8,1,0
2539,0,36,0,0,1,2,1,187.6,29.8,2,0
2540,0,48,0,1,1,0,1,79.35,28.4,2,0
2541,1,48,0,0,1,2,0,106.38,28.1,2,0
2542,0,38,0,0,0,0,1,82.61,32.6,1,1
2543,1,23,0,0,0,3,1,159.02,32.1,1,0
2544,0,53,1,0,1,2,1,119.64,31.7,2,0
2545,0,46,0,0,1,2,1,88.88,29.1,1,0
2546,0,57,0,0,0,2,1,106.68,35.2,1,0
2547,0,38,0,0,1,2,0,115.07,36.5,2,0
2548,1,69,1,0,1,2,1,105.41,33.3,0,1
2549,0,32,1,1,1,3,0,89.75,24.7,2,0
2550,0,78,0,1,1,1,0,99.63,21.6,3,1
2551,0,18,0,0,0,2,0,70.69,25.0,2,0
2552,0,55,0,0,1,2,1,172.19,41.2,0,0
2553,0,56,0,0,0,3,1,221.09,28.4,0,1
2554,1,33,1,0,1,4,1,123.61,42.3,1,0
2555,1,55,0,0,1,2,0,210.24,27.7,0,0
2556,0,71,0,0,0,2,0,77.59,26.8,2,0
2557,1,18,0,0,0,2,1,74.34,28.0,2,0
2558,0,57,0,0,1,2,0,98.4,27.9,2,0
2559,0,18,0,0,0,2,0,92.14,23.5,2,0
2560,1,30,0,0,1,2,0,106.3,21.0,1,0
2561,1,77,0,1,1,2,1,100.07,31.8,2,1
2562,0,37,0,0,0,2,0,69.29,35.4,1,0
2563,1,26,0,0,0,2,1,77.89,44.4,0,0
2564,0,44,0,0,1,2,0,110.48,25.7,2,0
2565,0,85,0,0,1,2,1,86.95,26.2,2,0
2566,0,18,0,0,0,4,1,107.81,23.5,1,0
2567,1,29,0,0,1,4,0,87.75,35.8,1,0
2568,0,74,1,0,1,2,0,75.49,33.8,2,1
2569,0,81,1,1,1,2,1,85.45,22.8,2,1
2570,0,46,1,1,1,3,1,75.48,22.6,1,0
2571,1,25,0,0,0,2,0,154.01,34.7,2,0
2572,0,85,0,0,1,2,0,93.01,31.0,0,1
2573,0,76,0,0,1,2,0,97.67,33.4,2,0
2574,1,60,1,0,0,4,0,246.53,22.8,2,1
2575,1,33,1,1,1,0,1,89.74,16.3,1,0
2576,1,47,1,1,1,3,0,81.2,22.8,0,0
2577,0,45,0,0,1,2,0,80.27,33.0,3,0
2578,0,53,1,0,1,4,0,91.99,42.2,2,0
2579,0,74,0,0,1,4,1,81.74,25.7,2,0
2580,1,63,0,0,1,4,0,110.73,43.3,1,0
2581,1,28,0,0,0,2,0,107.82,33.9,2,0
2582,0,72,0,0,1,2,0,107.73,19.4,3,0
2583,0,53,0,0,1,3,0,82.58,29.9,3,0
2584,0,60,0,0,1,2,0,196.18,34.1,2,0
2585,1,74,0,0,0,2,0,175.43,14.0,2,0
2586,0,27,0,0,0,2,1,87.74,32.7,0,0
2587,1,47,1,0,0,4,1,80.87,36.1,3,0
2588,0,38,0,0,1,4,0,72.36,31.1,0,0
2589,0,19,0,0,0,2,0,89.38,28.1,2,0
2590,0,54,1,0,1,4,1,83.94,27.4,3,0
2591,0,90,1,0,1,3,0,100.33,27.0,2,0
2592,1,18,0,0,0,0,1,183.24,28.4,2,0
2593,1,47,0,0,0,2,1,106.51,24.0,3,0
2594,0,59,0,0,1,2,1,71.11,25.8,0,0
2595,0,50,0,0,1,2,0,96.02,29.2,2,0
2596,1,45,0,0,1,2,1,79.09,24.9,0,0
2597,1,24,1,0,0,2,0,71.69,22.9,3,0
2598,1,52,0,0,1,2,0,119.23,33.4,2,0
2599,0,34,0,1,0,1,0,106.03,30.9,0,0
2600,1,18,0,0,0,2,1,181.19,25.0,1,0
2601,1,69,1,0,0,2,0,113.48,31.8,3,1
2602,1,65,0,0,0,2,1,98.23,25.6,1,0
2603,1,48,1,1,1,2,1,84.09,28.9,1,0
2604,1,52,0,0,0,2,0,107.4,34.8,0,0
2605,0,67,0,0,1,0,0,96.68,24.6,2,0
2606,1,52,0,0,1,2,1,76.01,20.9,2,0
2607,0,64,0,1,1,3,0,117.88,27.6,0,0
2608,1,42,0,0,1,3,0,176.41,19.6,0,0
2609,0,71,0,0,0,2,0,90.28,26.7,2,0
2610,0,53,0,1,0,3,0,77.17,26.7,2,0
2611,0,51,0,0,1,4,1,107.69,14.0,3,0
2612,0,25,0,1,0,2,0,97.76,31.9,2,0
2613,1,53,0,1,1,2,1,99.44,27.3,1,0
2614,1,33,0,0,0,4,0,82.39,36.2,2,0
2615,0,36,0,0,1,2,1,102.51,29.9,3,0
2616,0,33,0,0,1,2,1,103.68,33.3,2,0
2617,0,28,0,0,0,4,0,226.63,36.2,3,1
2618,0,86,0,1,1,2,1,223.54,27.6,3,1
2619,0,71,0,0,1,2,1,98.72,28.5,1,0
2620,0,82,0,1,0,0,1,66.4,18.3,2,0
2621,1,25,1,0,0,4,0,92.28,28.4,2,0
2622,0,49,0,0,0,2,0,83.29,27.6,2,0
2623,0,24,0,0,0,2,1,108.28,22.0,1,0
2624,1,35,0,0,1,0,1,84.11,33.3,3,0
2625,0,31,1,0,1,0,1,106.61,14.3,2,0
2626,1,70,0,0,1,2,0,216.17,25.7,0,1
2627,0,40,0,1,1,2,0,105.0,34.4,0,0
2628,1,67,1,0,1,2,1,120.91,25.7,1,0
2629,0,58,0,0,1,0,1,73.98,23.8,2,0
2630,0,89,0,0,1,4,1,135.04,25.8,0,1
2631,1,21,0,0,0,4,1,131.23,15.4,0,0
2632,0,70,0,0,1,4,1,91.0,33.2,0,0
2633,0,68,0,1,1,3,0,234.71,27.7,2,0
2634,0,30,0,0,1,2,1,215.57,26.7,0,0
2635,1,66,0,0,0,0,1,211.64,26.8,2,0
2636,1,54,0,0,0,0,0,64.39,28.6,1,0
2637,1,43,0,0,1,2,1,218.25,32.7,1,0
2638,0,33,1,0,1,2,0,59.96,28.2,1,0
2639,0,35,1,0,1,4,0,83.75,19.6,3,0
2640,0,84,1,0,1,2,1,192.05,32.2,2,0
2641,0,48,0,0,1,2,0,84.65,31.7,0,0
2642,0,62,0,0,0,3,1,79.59,29.8,3,1
2643,0,33,0,0,1,3,0,103.19,35.5,0,0
2644,1,33,0,0,1,2,0,77.23,28.7,2,0
2645,0,67,1,0,0,0,0,71.67,35.7,3,0
2646,1,23,0,1,0,2,0,94.12,37.6,1,0
2647,0,40,0,0,1,2,0,87.26,32.3,1,0
2648,0,48,0,0,1,2,0,71.34,23.6,0,0
2649,0,50,0,1,1,0,0,194.83,27.6,2,0
2650,1,44,0,0,0,4,1,96.97,36.6,2,0
2651,1,55,0,0,1,0,0,84.6,18.8,0,0
2652,1,60,0,0,1,4,1,150.8,26.0,1,1
2653,1,61,1,0,1,2,1,97.06,26.3,2,0
2654,1,30,0,0,0,2,0,107.86,22.9,1,0
2655,0,42,1,1,1,2,1,85.76,28.4,1,1
2656,0,69,1,1,1,2,1,229.53,30.9,3,1
2657,1,64,0,0,0,0,0,98.48,23.9,2,0
2658,1,23,0,1,0,3,1,103.19,32.4,3,0
2659,0,54,0,0,1,4,1,90.59,27.5,3,0
2660,0,18,1,0,0,2,0,76.32,22.7,0,0
2661,0,48,0,0,1,2,0,83.06,23.9,0,0
2662,0,82,0,0,1,2,0,228.94,31.3,1,1
2663,0,30,0,0,1,2,1,117.28,34.6,2,0
2664,0,32,0,1,1,3,1,82.74,25.3,2,0
2665,0,61,1,0,1,2,0,192.0,32.0,2,0
2666,1,20,0,0,0,2,1,85.08,38.8,2,0
2667,0,36,0,0,1,2,0,91.66,20.3,0,0
2668,1,58,0,0,1,2,0,206.44,30.8,0,0
2669,0,36,1,0,0,2,1,101.46,33.9,1,0
2670,1,43,0,0,1,2,1,71.38,27.9,2,0
2671,0,61,0,0,0,2,1,81.41,36.5,2,0
2672,0,55,0,0,1,2,0,190.28,42.8,0,0
2673,0,52,0,0,1,2,1,92.13,30.7,0,0
2674,0,41,0,0,1,2,1,208.9,27.0,2,0
2675,1,54,0,0,0,2,0,197.18,34.9,3,1
2676,1,45,0,0,0,2,0,193.92,34.0,2,0
2677,1,56,1,0,1,3,1,205.36,14.0,2,0
2678,1,39,0,0,0,3,0,90.27,28.5,2,0
2679,0,44,0,0,1,0,1,219.65,25.9,3,0
2680,1,30,0,0,1,2,0,102.36,31.1,2,0
2681,0,47,1,1,0,2,0,182.66,27.2,2,0
2682,0,33,1,0,0,0,1,77.76,27.9,2,0
2683,0,27,0,1,0,2,0,75.38,22.9,2,0
2684,1,52,0,0,1,3,1,95.03,33.3,3,0
2685,0,51,0,0,1,2,0,196.89,39.3,2,0
2686,0,62,0,1,1,2,1,115.11,23.0,0,0
2687,0,40,0,0,1,0,1,111.99,28.4,2,0
2688,0,55,0,0,0,2,1,217.7,28.6,2,1
2689,0,57,0,0,1,2,1,72.32,28.3,2,0
2690,1,56,1,1,1,2,0,79.92,36.1,2,0
2691,0,33,0,1,1,2,0,108.84,20.5,2,0
2692,1,50,0,0,1,2,0,81.55,25.0,2,0
2693,1,54,0,0,1,3,1,106.83,14.5,0,0
2694,1,48,0,0,1,0,1,159.88,37.4,3,1
2695,1,18,0,0,0,0,0,90.78,30.1,0,0
2696,1,50,0,1,1,2,1,79.46,25.5,2,0
2697,1,87,0,0,0,4,0,88.59,19.9,1,0
2698,0,41,0,0,1,3,0,193.87,20.5,2,0
2699,0,34,1,0,1,2,1,105.49,31.2,0,0
2700,0,54,0,0,1,0,0,76.71,21.3,0,0
2701,0,53,0,1,0,3,0,86.06,29.2,0,0
2702,1,69,0,0,1,0,0,203.35,41.8,2,0
2703,0,25,0,0,0,2,1,261.34,26.2,2,0
2704,0,61,0,1,1,2,1,76.37,22.3,2,1
2705,1,58,1,0,1,4,1,70.25,31.0,2,0
2706,0,45,1,0,0,2,1,100.11,20.5,2,0
2707,1,54,1,0,0,3,1,67.23,39.7,2,0
2708,0,66,0,0,1,3,0,109.27,37.6,2,1
2709,0,63,1,0,1,0,0,87.66,27.4,1,0
2710,1,27,0,0,0,2,0,66.79,22.7,1,0
2711,1,62,0,0,1,3,1,216.78,25.7,0,0
2712,0,46,0,1,1,2,0,95.69,26.6,2,0
2713,0,49,1,1,1,3,1,82.01,31.0,2,0
2714,1,49,0,0,1,0,0,90.3,35.3,3,0
2715,0,45,0,0,1,2,0,101.1,21.8,3,0
2716,1,69,0,0,0,3,0,86.97,35.1,2,0
2717,0,46,0,0,1,2,0,75.94,32.5,0,0
2718,0,27,0,1,0,2,0,85.52,25.2,2,0
2719,1,40,1,0,0,2,1,160.65,21.4,2,0
2720,1,51,0,0,1,2,1,140.22,29.3,1,0
2721,1,70,0,0,1,2,1,59.7,21.6,2,0
2722,1,58,0,0,1,2,1,214.64,35.2,3,0
2723,1,32,0,0,1,0,0,93.75,21.2,1,0
2724,0,90,0,0,0,0,1,103.86,32.1,2,0
2725,1,52,0,0,0,3,0,81.74,28.0,0,0
2726,0,70,0,0,1,2,1,63.48,24.9,2,0
2727,0,45,0,0,1,4,1,209.44,27.8,3,0
2728,0,57,0,0,1,3,0,75.89,35.5,2,0
2729,0,63,0,0,0,2,1,69.18,20.8,1,0
2730,1,69,0,0,1,0,0,70.22,25.8,2,1
2731,0,67,0,0,1,2,0,203.5,23.6,0,0
2732,0,63,1,0,1,3,1,220.45,28.2,0,1
2733,0,42,0,1,1,2,1,101.74,24.0,2,0
2734,1,37,0,0,1,2,1,100.04,17.0,2,0
2735,0,53,0,0,1,4,0,83.69,21.6,0,0
2736,0,64,0,1,0,2,0,88.94,39.1,0,1
2737,1,43,1,1,1,2,1,82.33,30.1,1,0
2738,1,67,0,0,0,4,0,86.85,28.4,1,1
2739,1,74,0,0,1,4,1,75.49,26.7,0,0
2740,0,31,0,0,1,3,0,95.86,28.2,2,0
2741,0,32,0,0,0,2,0,106.13,25.7,3,0
2742,0,45,1,1,1,2,0,77.75,31.9,1,0
2743,1,53,0,0,0,0,0,161.48,29.2,0,0
2744,1,38,0,0,0,2,1,91.7,20.9,2,0
2745,0,72,0,0,1,2,0,93.62,28.4,3,1
2746,1,55,0,0,1,2,1,64.51,14.0,3,0
2747,1,48,1,0,1,2,0,62.89,31.2,0,0
2748,0,22,0,0,0,2,1,92.16,19.3,3,0
2749,1,24,0,0,0,2,0,137.67,27.9,0,0
2750,0,53,0,0,1,2,0,79.93,20.7,0,0
2751,1,18,0,0,0,2,0,115.05,28.5,1,0
2752,1,66,0,0,1,2,1,101.02,32.3,2,0
2753,1,45,0,0,1,2,0,76.37,38.3,3,0
2754,0,90,0,1,0,3,0,173.46,18.5,0,0
2755,0,89,0,0,1,0,0,127.15,34.8,2,1
2756,0,44,0,0,1,2,1,190.55,29.4,3,0
2757,0,46,1,0,1,2,1,161.1,25.6,2,0
2758,1,65,0,0,0,2,1,85.16,33.4,2,0
2759,0,78,0,0,0,2,1,100.6,27.0,3,1
2760,0,18,0,0,0,2,1,109.01,33.2,3,0
2761,0,18,0,0,0,2,1,204.62,22.1,3,0
2762,1,36,0,0,1,0,1,106.78,24.4,0,0
2763,0,58,1,0,0,3,1,123.32,34.6,2,0
2764,1,56,0,0,1,2,1,90.99,38.2,2,0
2765,1,67,0,1,1,2,0,101.77,28.3,0,0
2766,0,26,0,0,0,0,0,233.57,14.0,1,0
2767,0,18,0,0,0,2,1,90.29,27.2,2,0
2768,1,63,0,0,0,0,0,87.35,28.7,0,0
2769,1,33,0,0,1,2,0,101.95,27.0,0,0
2770,0,18,0,0,0,0,0,108.07,30.7,3,0
2771,0,50,0,1,1,4,1,88.36,25.4,0,0
2772,0,62,0,0,1,4,1,113.0,34.0,2,0
2773,0,45,0,0,1,2,0,112.95,20.9,2,0
2774,0,39,0,0,1,2,1,102.7,36.5,0,0
2775,1,45,0,0,0,2,1,82.26,38.6,3,0
2776,0,41,0,0,1,4,1,80.82,22.6,2,0
2777,0,23,0,1,0,2,1,197.97,22.6,1,0
2778,1,35,0,0,1,2,0,240.37,31.2,3,1
2779,0,57,0,1,1,2,1,71.82,20.8,2,1
2780,1,53,0,0,0,2,0,100.15,25.3,3,0
2781,0,51,0,0,1,2,0,206.65,35.7,2,0
2782,0,30,0,0,0,2,0,102.35,33.3,2,0
2783,0,44,0,0,1,2,1,140.13,41.4,3,1
2784,0,18,0,0,0,2,1,144.62,29.6,2,0
2785,0,51,1,0,0,4,1,107.12,24.5,2,1
2786,0,73,0,0,1,0,1,111.53,28.4,0,0
2787,0,21,0,0,0,0,0,111.91,27.5,3,0
2788,1,37,0,0,1,2,1,92.15,27.6,1,0
2789,0,53,0,0,1,0,0,175.67,28.3,2,0
2790,1,70,0,1,0,2,0,198.0,28.4,2,0
2791,0,39,0,0,1,2,0,58.7,30.3,3,0
2792,0,35,0,0,0,2,0,73.75,19.3,2,0
2793,0,18,0,0,0,2,1,91.03,23.8,1,0
2794,1,49,0,0,1,2,1,81.61,27.7,1,0
2795,1,84,1,0,1,1,1,87.3,14.0,1,0
2796,0,52,0,0,1,2,1,192.54,33.5,2,0
2797,1,47,0,0,0,2,0,85.44,15.2,2,0
2798,1,53,0,0,1,2,1,73.17,32.9,0,0
2799,1,47,0,0,1,2,1,89.2,20.1,0,0
2800,0,33,0,0,0,3,0,76.52,25.9,1,0
2801,0,62,0,0,0,2,1,85.94,31.9,0,0
2802,1,52,0,0,1,0,0,110.14,42.8,3,1
2803,1,48,0,0,0,2,1,85.94,29.3,2,0
2804,1,30,1,0,1,3,1,116.56,15.6,2,0
2805,0,71,1,0,1,3,0,111.47,34.7,2,0
2806,0,59,0,0,1,4,0,81.31,27.0,3,0
2807,1,38,0,0,1,0,1,194.45,29.0,3,0
2808,1,66,0,0,1,3,1,283.15,32.1,0,1
2809,1,39,0,0,1,2,1,107.3,14.0,0,0
2810,0,33,0,0,1,2,1,82.65,28.5,0,0
2811,0,34,0,0,0,0,1,215.82,25.8,0,0
2812,1,18,1,0,0,4,0,108.13,36.4,0,0
2813,1,56,0,0,0,2,1,78.39,33.2,2,0
2814,1,18,0,0,0,2,1,79.86,17.9,2,0
2815,0,25,0,0,0,0,0,100.69,36.7,3,0
2816,1,18,0,0,0,2,1,92.28,31.4,3,0
2817,0,46,0,0,1,2,1,79.71,18.4,1,0
2818,0,45,0,0,1,2,0,216.44,28.9,0,0
2819,1,42,0,0,1,3,1,139.26,35.2,0,0
2820,1,29,0,0,1,1,0,173.79,20.6,3,0
2821,1,26,0,1,0,2,1,101.48,37.5,1,0
2822,0,56,1,1,1,2,1,82.82,28.4,0,0
2823,0,38,0,0,1,2,1,55.0,23.4,2,0
2824,0,53,0,0,1,2,1,89.64,22.4,2,0
2825,0,32,0,0,1,2,1,78.88,37.5,0,0
2826,1,51,0,0,1,2,1,115.33,25.3,0,0
2827,0,71,0,1,1,2,0,81.22,20.9,1,0
2828,0,58,1,1,1,3,0,73.54,31.4,0,1
2829,1,40,0,0,1,0,1,97.62,32.8,2,0
2830,0,52,0,0,0,2,0,231.56,32.8,3,0
2831,0,43,0,0,0,2,0,78.31,26.7,3,0
2832,0,48,0,0,1,1,0,141.04,30.2,2,1
2833,0,42,0,1,1,2,1,197.11,24.3,2,0
2834,0,45,0,1,1,0,0,68.14,39.4,0,0
2835,0,51,0,0,1,2,1,173.29,28.4,2,0
2836,1,30,0,0,1,0,1,98.69,35.5,2,0
2837,1,29,1,0,1,0,0,86.04,33.7,1,0
2838,0,23,0,0,0,3,0,89.95,31.9,2,0
2839,1,19,0,0,0,0,0,97.59,20.4,0,0
2840,1,26,0,0,0,4,0,104.6,32.6,2,0
2841,0,50,0,0,1,3,1,78.66,29.2,3,0
2842,0,31,0,0,1,2,0,95.49,36.7,2,0
2843,0,57,0,0,1,2,1,82.4,33.7,0,0
2844,0,48,1,0,1,0,1,87.17,32.1,3,0
2845,1,18,0,0,0,3,0,92.41,17.6,1,0
2846,1,59,0,1,1,2,1,89.9,27.9,0,0
2847,1,62,1,1,1,2,0,190.13,24.9,2,0
2848,0,30,0,0,0,3,1,97.31,30.1,3,0
2849,0,55,0,0,0,2,0,67.38,25.8,0,0
2850,1,32,0,0,0,2,1,69.63,26.7,3,0
2851,0,49,1,0,1,0,1,84.45,31.5,0,0
2852,0,25,0,0,0,2,0,117.43,25.7,2,0
2853,0,18,0,0,0,2,1,77.23,29.3,2,0
2854,0,41,0,0,1,2,0,184.42,18.6,2,0
2855,1,45,1,1,0,2,0,81.95,23.1,0,0
2856,0,40,0,0,1,2,1,81.69,32.8,0,0
2857,0,26,0,0,0,2,0,92.67,20.5,2,0
2858,0,40,0,0,1,2,1,111.01,36.6,2,0
2859,0,52,1,1,0,2,0,234.38,34.8,2,1
2860,0,47,1,1,1,2,1,77.95,26.8,2,1
2861,0,51,1,0,0,2,1,217.42,48.0,2,0
2862,1,35,0,1,1,4,1,91.18,36.6,0,1
2863,0,69,0,0,1,2,0,81.34,22.3,0,0
2864,0,26,0,0,0,4,0,111.18,33.4,0,0
2865,0,56,1,0,1,0,0,82.96,28.9,3,0
2866,1,69,0,0,1,2,0,162.46,23.5,0,0
2867,1,56,0,0,0,3,0,76.94,21.5,0,0
2868,1,44,1,0,1,2,0,111.45,35.0,1,0
2869,0,38,0,0,1,3,1,218.31,24.6,2,0
2870,0,66,0,0,1,2,0,109.37,27.8,2,0
2871,1,22,0,0,0,0,0,118.53,22.5,3,0
2872,0,30,0,1,1,2,1,73.01,23.6,0,0
2873,0,40,0,0,1,0,0,109.14,27.7,3,0
2874,0,70,0,0,1,2,1,68.87,31.0,0,0
2875,0,54,0,0,1,4,0,74.29,14.0,2,0
2876,0,30,0,1,1,2,0,242.73,28.6,0,0
2877,0,42,0,1,1,3,0,97.55,23.7,0,0
2878,1,36,0,0,1,2,0,209.77,37.6,3,0
2879,0,35,0,0,1,2,1,87.49,47.6,0,0
2880,0,65,0,0,1,3,0,92.19,26.2,3,0
2881,0,23,0,1,0,4,1,98.87,17.3,2,0
2882,0,76,0,1,1,2,1,212.95,29.3,2,0
2883,0,62,0,1,1,4,0,106.41,27.2,3,0
2884,1,67,1,0,1,3,0,117.3,41.3,0,0
2885,0,39,0,0,1,0,0,89.68,28.4,2,0
2886,1,45,1,1,1,2,1,219.1,34.1,3,0
2887,1,22,0,0,0,2,0,145.61,24.7,0,0
2888,0,38,0,0,1,4,0,72.84,32.9,2,0
2889,0,56,0,0,1,2,1,79.82,30.2,2,0
2890,1,71,0,1,1,2,0,104.99,30.1,2,0
2891,1,28,0,0,0,2,0,202.45,18.4,2,0
2892,0,41,0,0,0,2,0,71.88,35.4,2,0
2893,1,45,1,0,1,3,0,67.65,29.2,2,0
2894,0,22,0,0,0,3,1,205.62,27.8,2,0
2895,0,58,0,0,1,3,0,107.13,24.6,3,0
2896,0,34,0,0,1,2,0,106.93,23.3,3,0
2897,1,44,0,0,1,2,1,91.66,30.6,0,0
2898,1,39,1,0,1,2,0,120.13,17.1,1,0
2899,0,33,0,1,0,2,0,88.43,33.6,0,0
2900,0,47,1,1,1,4,1,87.92,21.6,0,0
2901,1,44,0,0,1,0,1,55.0,15.1,0,0
2902,0,41,0,1,1,2,1,83.29,40.3,1,0
2903,1,34,0,0,1,4,0,102.78,22.9,0,0
2904,0,53,0,0,1,2,0,203.9,23.8,0,0
2905,1,77,0,0,1,0,1,77.55,35.9,2,0
2906,0,50,0,0,1,2,1,96.93,40.6,2,0
2907,1,65,0,0,1,3,1,105.7,18.5,3,1
2908,1,22,0,0,0,2,0,90.17,22.3,2,0
2909,1,50,1,0,1,2,0,191.57,22.8,2,0
2910,1,28,0,0,0,2,0,93.71,34.6,1,0
2911,0,21,0,0,0,2,0,101.42,28.4,3,0
2912,0,34,0,0,1,2,0,215.95,21.5,0,0
2913,1,69,1,0,0,2,1,86.19,37.7,3,0
2914,0,65,0,0,1,2,0,72.67,23.9,3,0
2915,0,52,1,0,0,3,0,160.82,30.7,2,0
2916,0,20,1,0,0,2,0,105.41,20.2,3,0
2917,0,44,0,0,1,3,0,89.94,27.7,1,1
2918,1,53,1,0,1,2,0,113.97,27.8,0,0
2919,1,51,0,1,1,4,0,205.19,26.5,1,0
2920,0,18,0,1,0,4,0,84.69,31.0,1,0
2921,1,31,0,0,0,2,0,88.75,22.0,1,0
2922,0,46,0,0,1,3,0,223.24,22.8,0,0
2923,1,57,1,0,1,2,1,104.5,31.3,0,0
2924,0,18,0,1,0,4,1,94.84,37.2,2,0
2925,1,45,0,0,1,2,0,106.58,28.4,1,0
2926,0,50,0,0,1,2,1,85.55,31.8,0,0
2927,0,63,1,0,1,2,1,75.04,33.4,0,0
2928,0,60,1,0,1,2,1,196.29,33.9,1,1
2929,1,58,0,1,1,2,0,93.08,22.3,2,0
2930,0,33,0,0,0,3,1,71.98,23.4,2,0
2931,0,18,0,0,0,2,1,69.95,24.0,3,0
2932,0,40,0,0,0,2,1,96.71,41.0,1,0
2933,0,66,0,0,0,2,0,83.9,31.8,2,1
2934,0,73,0,0,1,2,1,87.51,31.5,2,0
2935,0,60,0,0,1,2,1,84.6,30.9,3,0
2936,1,55,0,0,1,0,0,188.26,19.9,0,0
2937,0,54,0,0,0,2,0,108.93,41.1,0,0
2938,0,37,0,0,0,3,1,71.44,31.6,3,0
2939,1,45,0,0,1,2,0,82.01,33.2,0,0
2940,1,78,0,0,0,2,1,225.27,17.0,2,0
2941,1,31,1,0,1,3,0,183.93,33.6,3,0
2942,0,77,1,0,1,2,1,89.38,28.4,2,0
2943,0,42,1,1,1,2,1,72.94,19.9,0,0
2944,0,71,0,1,1,3,0,79.76,22.3,0,0
2945,0,22,1,0,0,2,0,82.25,20.3,0,0
2946,0,58,0,0,1,2,1,232.77,20.2,1,0
2947,1,34,0,0,1,2,1,115.56,28.9,0,0
2948,1,22,1,0,0,3,0,79.7,26.0,0,0
2949,0,51,0,0,1,2,0,74.61,30.7,2,0
2950,1,66,0,1,1,2,1,88.37,28.4,0,0
2951,1,32,0,0,1,2,0,105.48,27.7,2,0
2952,0,21,0,1,0,2,1,68.3,14.0,0,0
2953,0,46,1,0,1,2,1,111.8,26.9,2,0
2954,0,46,0,0,0,4,1,87.42,36.3,2,0
2955,0,57,0,0,1,4,1,78.99,27.9,0,0
2956,0,65,0,0,1,2,1,66.0,38.4,2,0
2957,0,46,0,0,0,2,1,100.6,31.4,2,0
2958,0,81,0,0,0,3,1,87.43,16.6,3,0
2959,0,52,0,0,0,2,1,233.74,28.4,0,0
2960,1,41,0,0,1,0,1,158.06,30.4,2,0
2961,1,18,0,0,0,0,1,85.21,35.5,0,0
2962,0,43,1,0,1,4,0,82.7,40.3,0,0
2963,1,41,0,0,1,2,1,88.49,34.4,3,0
2964,0,65,0,0,0,2,0,79.96,31.4,3,0
2965,0,56,0,0,1,0,1,66.99,32.9,2,0
2966,1,26,0,0,0,3,1,130.93,27.4,2,0
2967,1,51,0,0,1,4,0,69.55,19.0,2,0
2968,1,60,1,0,1,2,0,208.19,28.8,2,0
2969,1,75,0,0,1,3,1,200.84,30.9,1,0
2970,1,63,1,0,1,2,1,60.04,20.7,2,1
2971,0,61,0,0,0,2,0,91.47,37.1,0,0
2972,1,49,0,1,0,2,0,92.62,35.0,3,1
2973,0,54,0,0,1,3,0,108.92,19.6,0,0
2974,1,70,0,0,1,2,1,241.88,37.4,2,0
2975,0,24,0,0,0,2,1,209.35,26.5,2,0
2976,1,41,1,0,1,3,0,75.76,23.4,1,0
2977,0,34,0,0,0,2,0,112.49,35.5,2,0
2978,0,54,1,0,1,0,0,103.93,28.2,0,0
2979,0,70,1,0,1,2,0,178.4,40.8,1,1
2980,1,37,0,1,1,2,0,90.57,23.0,1,0
2981,0,18,0,0,0,4,1,92.16,17.2,2,0
2982,0,40,0,0,1,4,1,84.82,26.7,2,0
2983,0,64,1,0,1,2,0,166.18,33.6,1,0
2984,1,57,0,0,1,0,1,221.79,22.5,2,0
2985,1,55,0,0,1,2,1,87.14,19.9,2,0
2986,0,42,0,0,1,2,1,85.79,30.0,1,0
2987,0,24,0,0,0,2,1,112.48,19.0,2,0
2988,0,57,0,0,1,2,1,169.74,30.5,0,0
2989,0,32,0,0,1,0,0,170.76,26.3,2,0
2990,0,87,0,0,1,3,1,187.49,31.7,2,0
2991,1,58,0,0,1,4,0,95.16,19.5,2,0
2992,0,37,0,1,0,3,1,193.97,36.9,2,0
2993,1,36,0,0,0,2,1,55.0,27.3,2,0
2994,0,46,0,0,1,3,0,93.78,33.5,2,0
2995,0,43,0,0,1,1,0,83.75,34.7,2,0
2996,0,68,0,0,1,3,1,86.69,21.0,2,0
2997,1,51,0,0,1,0,0,76.39,34.2,0,0
2998,1,34,0,0,1,4,1,185.14,19.2,0,0
2999,1,82,0,0,0,2,0,191.75,19.6,2,0
3000,1,48,0,1,1,3,1,83.3,41.3,2,0
3001,1,61,0,0,1,0,1,104.48,35.7,3,0
3002,0,37,0,0,1,4,0,77.91,42.0,0,0
3003,1,54,1,0,1,2,0,101.38,26.1,0,0
3004,1,53,1,1,1,2,1,90.02,29.2,2,0
3005,0,18,0,0,0,3,0,204.29,31.9,1,0
3006,0,84,1,0,1,2,1,90.11,28.4,0,1
3007,0,71,0,0,1,3,0,187.5,23.7,0,0
3008,1,40,0,1,1,2,1,229.87,22.7,2,0
3009,0,28,0,0,0,2,0,68.7,29.9,3,0
3010,1,54,0,0,1,2,1,96.26,21.6,2,0
3011,1,49,0,0,1,2,1,59.35,21.4,2,0
3012,0,54,1,0,1,2,0,82.04,31.1,1,0
3013,1,51,0,0,1,2,0,256.43,27.9,2,0
3014,0,57,0,1,1,2,0,154.39,34.6,0,1
3015,1,74,0,0,1,2,1,79.63,25.7,0,1
3016,1,58,0,0,0,2,1,152.78,24.7,0,0
3017,0,29,0,0,0,2,0,105.14,31.3,2,0
3018,1,72,1,0,1,3,0,193.97,23.2,2,1
3019,0,77,0,0,1,0,0,81.37,24.2,2,0
3020,0,90,1,0,1,2,1,162.68,24.5,1,1
3021,0,27,0,0,0,2,0,55.0,27.1,3,0
3022,0,52,1,0,1,0,0,195.56,40.0,1,0
3023,1,18,0,0,0,2,1,104.02,19.6,1,0
3024,1,57,0,0,1,4,0,105.25,36.9,1,0
3025,1,38,0,0,0,3,0,76.94,33.3,2,0
3026,0,82,1,1,1,2,0,219.32,38.7,3,1
3027,0,34,1,0,0,2,1,90.32,48.9,1,0
3028,1,18,0,0,0,2,0,102.44,37.8,0,0
3029,0,39,0,0,1,2,1,205.04,34.5,3,1
3030,1,18,1,0,0,2,1,188.71,20.0,2,0
3031,0,61,0,0,1,2,0,107.13,20.8,1,0
3032,0,18,0,0,0,0,0,219.7,30.8,0,0
3033,0,48,0,0,1,2,1,86.7,17.5,2,0
3034,0,18,0,0,0,2,0,114.52,32.5,0,0
3035,1,42,0,0,0,3,0,87.05,14.6,2,0
3036,1,77,1,1,1,2,1,70.99,36.0,1,1
3037,1,54,0,1,1,2,0,79.96,26.4,0,1
3038,1,32,0,0,1,2,0,75.93,29.3,3,0
3039,1,47,1,0,1,2,0,95.36,23.6,1,0
3040,0,48,0,0,1,4,1,182.54,16.2,2,0
3041,0,56,1,0,1,2,1,94.07,36.5,2,0
3042,0,23,0,0,0,2,0,136.84,37.2,3,1
3043,1,58,0,1,0,2,1,58.15,26.2,1,0
3044,0,18,1,0,0,2,1,214.27,32.8,2,0
3045,0,36,0,1,1,2,0,92.23,26.0,0,0
3046,1,39,0,0,1,0,1,184.79,30.4,2,0
3047,0,59,0,0,0,4,0,79.91,33.4,1,0
3048,0,48,0,0,0,2,0,78.31,32.1,3,0
3049,1,22,0,0,0,2,0,96.02,37.2,1,0
3050,0,30,1,0,1,3,0,112.79,31.9,1,0
3051,0,51,0,0,1,2,1,90.17,28.7,2,0
3052,1,46,0,0,0,2,1,96.37,23.6,0,0
3053,0,37,0,0,1,2,0,85.18,25.4,1,0
3054,0,39,0,0,1,2,1,66.85,33.8,1,0
3055,0,60,0,0,0,2,0,104.51,18.7,3,1
3056,0,38,0,0,1,0,0,103.63,35.7,2,0
3057,1,46,0,0,0,0,1,100.66,26.7,0,0
3058,0,87,0,0,1,2,0,186.76,23.2,1,0
3059,0,22,0,0,0,2,1,98.96,21.4,3,0
3060,1,18,0,1,0,4,1,103.41,32.9,0,0
3061,0,62,0,0,1,2,0,114.3,28.4,0,0
3062,0,35,0,0,1,0,0,172.02,38.8,1,0
3063,0,42,0,0,1,2,0,90.96,20.3,0,0
3064,1,33,0,1,1,2,1,152.96,24.7,2,0
3065,0,43,1,1,1,2,1,92.33,27.9,3,1
3066,1,76,0,0,1,4,1,93.85,23.6,2,0
3067,1,62,1,0,1,2,1,100.64,28.5,2,0
3068,1,63,0,0,1,2,1,221.13,30.6,2,0
3069,1,22,1,0,0,2,0,88.57,31.6,2,0
3070,0,27,0,0,0,4,0,121.51,38.3,2,0
3071,0,18,1,0,0,4,1,63.61,20.0,3,0
3072,1,33,0,1,0,1,1,96.29,30.7,2,0
3073,0,65,1,0,0,4,0,78.02,24.3,0,0
3074,0,57,1,0,1,2,0,61.39,31.3,2,0
3075,0,44,0,0,0,2,0,86.97,31.3,2,0
3076,1,47,0,0,0,2,1,138.12,28.4,1,0
3077,0,35,0,0,0,2,1,165.99,22.6,1,0
3078,0,51,1,0,1,0,0,90.52,31.8,2,0
3079,0,61,0,0,1,4,0,106.78,28.7,0,0
3080,1,18,0,0,0,2,1,67.39,27.1,2,0
3081,1,53,0,0,1,3,0,103.63,32.8,0,0
3082,0,64,0,1,1,4,1,91.47,33.3,2,0
3083,0,40,1,0,1,2,1,105.43,25.1,0,0
3084,0,60,0,0,1,2,0,144.94,23.0,1,0
3085,0,90,1,0,1,2,1,181.65,20.3,0,0
3086,1,46,1,1,1,2,0,71.74,28.7,2,0
3087,0,55,0,0,1,3,1,70.62,19.2,2,0
3088,0,34,0,0,0,2,1,173.89,29.1,1,0
3089,1,51,0,0,1,2,1,195.42,36.4,1,1
3090,0,56,0,0,1,1,1,81.53,26.2,2,0
3091,0,51,0,0,1,2,1,99.44,25.0,2,0
3092,1,29,0,0,1,2,0,67.15,41.5,0,0
3093,0,51,0,0,1,4,0,92.7,28.4,2,0
3094,1,74,0,0,0,2,1,100.03,23.5,1,0
3095,0,56,0,1,1,2,1,220.18,29.4,1,1
3096,0,65,0,0,1,0,0,86.94,30.6,3,0
3097,0,43,0,0,0,2,1,100.74,29.8,2,0
3098,0,61,0,1,1,0,1,55.0,40.3,3,1
3099,1,53,0,0,1,2,1,182.0,29.1,2,0
3100,0,30,0,0,1,2,0,183.37,30.0,2,0
3101,0,53,0,0,1,2,1,100.75,33.0,1,0
3102,1,30,0,0,1,2,0,195.14,36.2,0,0
3103,0,36,0,0,1,0,1,64.16,34.6,2,0
3104,0,51,0,1,1,3,1,98.01,32.0,2,0
3105,1,53,1,0,0,4,1,88.76,18.4,3,0
3106,0,26,0,0,0,0,0,90.48,25.3,2,0
3107,0,66,1,0,0,2,0,106.31,33.8,3,0
3108,1,58,1,1,1,0,1,178.52,30.1,0,1
3109,0,35,0,0,1,3,1,118.82,33.9,0,0
3110,1,20,0,0,0,3,0,92.31,40.8,2,0
3111,1,45,0,0,1,0,0,79.63,28.4,1,0
3112,1,39,0,0,1,3,1,87.17,35.9,0,0
3113,0,50,0,1,1,2,0,96.23,26.4,2,0
3114,0,41,0,0,0,3,1,202.84,34.6,1,1
3115,1,18,0,0,0,2,1,67.99,28.2,2,0
3116,0,41,0,0,1,2,1,228.8,42.3,2,0
3117,0,42,0,0,0,3,0,114.14,29.3,0,0
3118,1,59,0,0,1,2,1,86.4,24.3,0,0
3119,0,35,0,0,1,2,0,103.97,31.2,1,0
3120,0,78,0,0,1,2,0,184.59,30.6,0,1
3121,0,18,0,0,0,3,0,104.34,35.9,1,0
3122,0,71,0,1,1,2,1,77.85,31.4,0,0
3123,1,43,0,0,1,0,1,77.92,44.6,2,0
3124,0,63,0,1,1,2,0,90.3,27.8,2,0
3125,0,49,0,0,1,2,0,67.02,27.9,2,0
3126,0,68,0,0,1,2,0,85.95,24.6,1,0
3127,1,41,1,1,0,3,1,93.79,29.1,2,1
3128,0,28,1,0,0,2,1,240.91,30.0,2,0
3129,0,73,0,0,1,4,0,96.04,30.3,0,0
3130,1,45,0,0,1,4,1,99.38,28.9,0,0
3131,1,51,0,0,0,0,0,179.53,24.5,3,0
3132,0,70,1,1,1,4,1,75.53,22.8,0,0
3133,0,29,0,0,1,2,1,87.52,26.1,0,0
3134,0,58,1,0,1,2,1,201.87,35.9,3,0
3135,0,37,0,0,0,0,1,88.81,37.3,1,0
3136,1,45,0,0,1,3,1,106.75,28.0,0,0
3137,0,49,1,0,0,4,0,104.46,22.4,3,0
3138,1,20,0,0,0,3,1,67.83,28.0,2,0
3139,0,33,0,0,1,1,1,94.66,42.1,2,0
3140,0,72,0,0,1,2,0,92.2,35.0,1,0
3141,0,63,0,0,1,0,1,94.95,32.1,0,0
3142,0,46,0,0,0,3,1,78.69,34.8,3,0
3143,1,52,0,0,0,3,0,73.25,38.5,0,0
3144,0,42,0,0,1,2,0,82.86,21.0,0,0
3145,0,72,0,1,0,0,1,88.53,26.0,2,1
3146,0,44,1,1,0,4,1,107.77,25.1,0,0
3147,1,52,0,0,1,2,0,117.26,32.3,2,0
3148,0,68,0,0,1,3,1,110.95,29.5,1,1
3149,0,34,0,0,1,2,0,102.9,33.4,0,0
3150,1,76,0,1,1,4,0,74.93,25.2,3,1
3151,1,20,0,0,0,2,0,83.87,37.4,0,0
3152,0,77,1,0,1,2,1,93.15,28.0,2,1
3153,0,41,0,1,1,2,1,193.57,33.0,0,0
3154,1,43,0,0,0,3,0,98.66,36.3,2,0
3155,1,18,0,0,0,2,1,100.81,35.7,1,0
3156,1,39,0,1,1,3,1,98.04,30.8,1,0
3157,1,29,1,0,1,4,0,105.38,33.8,3,0
3158,0,37,0,1,1,0,1,76.43,39.8,2,0
3159,0,45,0,0,1,2,1,103.99,31.8,2,0
3160,0,65,0,1,1,1,0,79.57,23.8,3,0
3161,0,51,0,0,1,3,1,75.89,32.3,3,0
3162,1,53,0,1,1,2,1,252.52,28.3,1,1
3163,0,28,0,0,0,2,1,238.92,14.0,1,0
3164,0,32,0,0,1,2,0,97.32,31.5,0,0
3165,0,80,0,0,1,0,1,90.31,29.3,0,0
3166,0,34,0,0,0,2,1,218.95,36.0,2,0
3167,1,77,1,0,0,2,0,92.05,23.6,2,0
3168,0,43,1,0,1,0,0,73.11,18.7,3,0
3169,1,48,0,0,1,3,1,71.36,29.6,2,0
3170,0,67,0,0,1,0,0,88.82,31.0,2,1
3171,1,70,0,0,1,0,1,161.01,29.1,2,0
3172,1,46,0,1,1,2,0,90.17,28.6,2,0
3173,0,41,0,0,1,4,1,100.14,21.6,3,0
3174,1,46,0,0,0,2,1,86.77,27.6,1,0
3175,0,54,1,0,1,2,0,159.98,26.2,2,0
3176,1,64,1,0,0,3,1,87.83,28.4,0,0
3177,0,48,0,0,1,2,1,117.35,31.0,0,1
3178,0,59,0,0,1,4,1,168.67,26.7,0,0
3179,0,77,0,1,1,2,0,125.11,39.7,1,0
3180,1,54,0,0,1,2,1,95.28,26.8,2,0
3181,1,53,0,0,1,4,1,86.79,32.1,2,0
3182,1,20,0,0,0,3,1,76.51,27.4,2,0
3183,1,18,0,0,0,3,1,68.36,39.1,2,0
3184,0,54,0,0,1,2,1,75.13,29.1,0,0
3185,0,46,0,0,1,0,1,76.81,29.3,0,0
3186,0,38,0,0,0,2,1,95.92,27.6,0,0
3187,0,52,0,0,1,2,1,205.34,29.8,0,0
3188,0,46,0,0,1,2,0,92.8,36.3,3,0
3189,0,68,1,1,1,2,0,271.84,34.0,0,1
3190,1,49,0,0,0,3,0,88.68,28.4,0,0
3191,0,34,0,0,1,2,1,121.19,39.6,3,0
3192,0,65,0,0,1,2,0,72.36,28.4,2,0
3193,0,44,0,0,1,2,1,87.74,25.7,2,0
3194,1,57,1,1,1,3,0,81.91,19.5,3,0
3195,0,39,0,0,1,0,1,104.05,25.8,2,0
3196,0,36,1,0,0,2,1,56.4,31.2,0,0
3197,0,49,0,1,0,2,1,68.35,32.4,3,0
3198,0,48,0,0,1,2,1,88.39,37.3,3,0
3199,1,56,0,0,1,3,0,153.4,21.4,2,0
3200,0,43,0,0,1,2,0,170.5,25.6,1,0
3201,1,18,0,0,0,2,0,69.73,20.8,1,0
3202,0,40,0,0,0,3,0,72.04,19.8,0,0
3203,1,62,0,1,1,4,1,115.09,24.4,1,0
3204,0,42,0,0,1,2,1,208.03,30.9,0,0
3205,0,43,0,0,1,0,0,224.88,33.5,3,0
3206,1,65,0,0,0,3,0,112.16,22.3,3,0
3207,0,35,0,0,1,4,0,105.17,23.2,0,0
3208,1,20,0,0,0,2,1,109.11,16.9,0,0
3209,0,45,0,0,1,2,0,75.75,28.4,2,0
3210,0,39,0,1,1,4,0,67.12,23.7,0,0
3211,0,30,0,0,0,2,1,92.0,39.3,2,0
3212,1,44,0,1,1,2,1,95.03,31.2,1,0
3213,0,56,0,1,1,2,1,95.47,27.4,2,0
3214,0,47,0,0,1,0,0,181.15,28.4,3,0
3215,1,53,1,0,0,2,1,63.99,18.8,1,0
3216,0,80,0,1,1,4,1,102.9,19.6,3,0
3217,1,41,0,0,1,2,1,73.55,24.5,3,1
3218,0,53,0,0,1,2,0,102.84,28.4,3,0
3219,1,38,0,0,1,2,1,166.65,22.0,2,0
3220,0,32,1,0,1,2,1,77.79,31.0,0,0
3221,0,37,0,1,0,3,0,80.85,31.8,3,0
3222,1,39,1,0,1,3,0,68.32,25.5,1,0
3223,1,54,1,0,1,2,1,90.61,41.1,0,0
3224,1,90,0,1,0,2,0,166.94,17.1,2,1
3225,0,35,0,0,1,3,0,101.79,28.9,1,0
3226,1,40,0,0,1,0,1,99.6,27.1,3,0
3227,0,46,0,0,1,3,1,115.32,28.4,2,0
3228,1,55,0,0,1,0,1,95.49,24.0,2,0
3229,1,52,0,0,1,2,1,97.81,28.5,0,0
3230,0,71,0,1,0,4,1,111.0,27.0,2,0
3231,1,18,0,0,0,2,0,80.59,26.0,1,0
3232,0,18,0,0,0,2,1,67.68,20.1,3,0
3233,0,39,1,1,1,0,0,93.0,18.0,3,0
3234,0,67,0,1,1,4,1,68.66,26.6,0,0
3235,0,19,0,0,0,3,0,126.81,25.9,0,0
3236,0,18,0,0,0,2,1,111.83,27.2,1,0
3237,1,58,0,1,1,2,0,122.46,27.8,0,0
3238,1,52,0,1,0,2,0,90.94,25.1,0,0
3239,1,28,0,0,0,4,0,98.26,27.1,2,0
3240,0,30,0,0,1,2,1,208.39,23.0,0,0
3241,1,30,0,0,1,0,0,103.24,28.4,0,0
3242,0,49,1,0,1,2,0,172.4,23.3,2,0
3243,0,36,0,0,0,0,0,228.13,26.1,3,0
3244,0,56,0,0,1,4,1,199.21,23.8,0,0
3245,0,18,0,0,0,2,0,68.17,23.7,1,0
3246,1,32,0,0,1,2,1,143.25,28.7,0,0
3247,0,27,0,0,0,0,0,122.27,27.8,3,0
3248,0,43,0,0,0,2,0,68.96,25.5,3,0
3249,1,38,1,0,1,3,1,109.38,26.7,2,0
3250,1,62,0,0,0,3,1,104.27,23.8,1,0
3251,0,18,0,0,0,2,1,66.45,31.1,1,0
3252,0,48,0,0,1,0,0,84.15,41.9,0,0
3253,0,58,1,0,0,2,1,81.3,22.8,3,0
3254,0,81,0,1,0,4,1,235.81,31.1,2,1
3255,0,39,1,0,1,2,0,71.57,28.8,2,0
3256,0,53,0,0,1,0,1,210.12,32.8,1,1
3257,0,18,0,0,0,2,1,79.71,33.0,0,0
3258,1,18,0,0,0,2,0,97.1,29.8,0,0
3259,0,63,0,0,0,2,1,86.75,28.2,1,0
3260,0,47,1,1,1,0,1,81.97,25.7,2,0
3261,0,69,0,0,0,2,1,228.07,23.5,2,0
3262,0,23,0,0,0,4,0,120.54,27.9,2,0
3263,0,57,0,0,1,2,0,83.75,20.2,0,0
3264,0,81,0,1,0,3,1,138.36,24.6,2,1
3265,0,55,0,0,1,0,1,98.75,35.7,1,0
3266,0,52,0,0,1,2,1,253.64,29.1,3,1
3267,0,48,0,0,1,2,0,68.77,34.3,0,0
3268,1,19,0,0,0,2,1,123.47,38.1,0,0
3269,0,72,0,0,1,2,0,84.71,27.3,0,0
3270,1,37,0,0,0,2,1,195.94,29.8,0,0
3271,1,57,0,0,1,3,0,92.4,26.5,0,0
3272,0,19,0,0,0,2,0,183.27,23.2,0,0
3273,0,26,0,0,0,3,0,182.16,22.3,0,0
3274,0,73,1,1,1,4,1,94.14,34.0,0,0
3275,0,41,0,0,1,2,0,121.31,29.9,1,0
3276,0,74,1,0,1,3,1,159.56,40.5,1,0
3277,0,46,1,1,1,2,1,71.47,34.8,1,1
3278,0,18,0,0,0,4,1,80.72,23.7,3,0
3279,1,64,0,1,0,2,0,93.1,34.0,0,0
3280,1,37,1,0,1,3,0,157.88,26.5,0,0
3281,1,60,1,0,0,4,0,190.46,36.4,1,1
3282,0,48,0,0,1,3,0,102.4,25.3,2,0
3283,1,20,0,0,0,3,1,68.47,21.7,0,0
3284,1,50,0,1,1,2,0,199.18,23.3,2,0
3285,1,87,0,0,1,2,0,82.76,23.7,2,0
3286,0,56,0,0,1,0,0,176.26,23.0,0,0
3287,1,46,0,0,1,2,1,91.03,24.8,2,0
3288,0,67,0,0,1,3,0,149.0,34.1,1,0
3289,1,51,0,0,1,2,0,142.75,40.2,2,0
3290,0,51,0,0,1,4,0,106.64,19.9,2,0
3291,1,28,0,0,0,2,1,80.85,36.7,3,0
3292,1,52,1,1,1,2,0,100.32,25.4,2,0
3293,0,66,0,1,0,3,0,77.54,30.8,1,1
3294,1,32,0,0,1,2,1,119.75,17.7,2,0
3295,1,73,0,0,1,2,1,77.99,31.9,0,0
3296,1,46,0,0,1,2,1,76.76,15.5,2,0
3297,1,32,0,0,1,2,0,98.25,30.5,2,0
3298,1,65,1,0,0,2,1,227.61,30.2,2,1
3299,1,42,0,1,1,2,1,94.9,29.7,1,0
3300,0,61,1,1,1,2,0,93.41,23.7,1,0
3301,0,42,0,1,0,2,0,73.64,32.1,1,0
3302,0,46,0,0,1,4,1,226.88,31.0,0,0
3303,1,56,0,1,1,2,1,103.4,27.1,0,0
3304,0,53,1,1,1,2,0,110.38,32.9,3,1
3305,1,18,0,0,0,2,0,82.08,27.9,2,0
3306,1,27,0,0,0,4,1,150.54,31.9,3,0
3307,0,64,1,0,0,2,0,199.71,27.7,2,0
3308,1,45,0,0,1,3,1,106.92,29.9,0,0
3309,1,38,0,0,0,2,0,107.4,32.2,1,0
3310,0,23,1,0,0,2,1,92.9,25.9,0,0
3311,0,28,0,0,0,0,1,240.46,20.5,0,0
3312,0,18,0,1,0,2,1,116.69,30.3,1,0
3313,0,46,0,1,1,2,1,98.34,36.2,1,0
3314,0,37,0,0,1,0,0,80.87,30.4,3,0
3315,1,30,0,0,1,3,0,179.34,30.6,2,0
3316,1,46,0,0,1,4,0,67.33,28.2,0,0
3317,1,54,0,0,1,3,1,105.83,33.3,1,0
3318,0,85,0,1,1,0,1,67.93,27.3,2,0
3319,1,20,1,0,0,0,1,86.69,25.5,0,0
3320,0,68,1,0,1,2,1,93.67,35.7,2,0
3321,0,65,0,1,0,0,0,105.58,25.1,2,0
3322,0,33,0,0,0,3,1,91.6,34.3,3,0
3323,1,51,1,0,1,2,0,99.52,35.7,3,0
3324,0,39,0,0,0,2,0,89.58,32.2,3,0
3325,0,51,0,0,1,2,1,89.52,20.4,3,0
3326,0,75,1,0,1,0,0,91.28,28.7,2,0
3327,1,58,1,0,1,2,1,87.16,27.2,1,0
3328,0,57,1,0,1,4,1,64.7,25.3,2,0
3329,1,40,0,0,1,2,0,78.48,29.4,0,0
3330,1,21,0,0,0,3,1,93.67,33.5,2,0
3331,1,44,0,0,1,2,1,86.26,25.5,2,0
3332,0,69,1,1,1,3,0,87.66,27.4,0,1
3333,0,20,0,0,0,3,1,176.83,26.9,0,0
3334,1,29,0,0,1,3,0,77.05,36.1,0,0
3335,1,50,1,1,0,0,1,82.6,26.8,2,0
3336,0,30,0,0,0,0,1,85.4,20.5,3,0
3337,1,33,0,1,1,2,0,90.08,28.4,1,0
3338,1,40,0,0,1,2,0,95.9,30.9,0,0
3339,1,23,0,0,0,3,1,87.29,23.6,2,0
3340,0,30,0,0,0,2,1,74.56,32.8,2,0
3341,1,60,0,0,1,2,0,69.03,19.8,1,0
3342,1,24,0,0,0,2,1,128.96,25.0,2,0
3343,1,19,0,0,0,2,0,73.05,19.9,3,0
3344,0,36,0,0,1,2,0,82.22,31.3,0,0
3345,0,61,0,0,0,0,0,97.76,32.7,0,0
3346,0,44,0,0,1,2,0,95.41,30.7,1,0
3347,1,39,0,0,0,2,0,97.81,21.4,0,0
3348,0,48,1,0,1,2,0,83.36,23.7,2,0
3349,1,18,0,0,0,0,0,93.58,30.0,2,0
3350,0,56,0,0,0,4,0,181.09,17.5,1,0
3351,0,54,0,0,1,3,1,207.15,26.9,2,0
3352,0,40,0,0,0,2,1,165.92,38.4,2,1
3353,0,66,1,0,1,4,0,220.32,27.3,1,0
3354,0,27,0,0,0,3,0,89.67,18.8,0,0
3355,1,68,0,0,1,0,1,89.77,24.6,0,0
3356,0,50,1,0,0,0,1,106.02,24.4,1,0
3357,1,41,0,0,0,2,0,216.72,42.4,2,0
3358,0,47,0,0,1,2,0,113.76,39.3,2,0
3359,1,46,0,0,1,2,1,63.66,28.4,2,0
3360,1,69,1,0,1,2,0,183.6,26.3,2,0
3361,0,28,0,0,0,0,0,99.02,36.3,2,0
3362,1,34,0,0,1,4,0,200.24,21.1,3,0
3363,0,66,0,0,1,3,0,93.77,35.5,3,0
3364,0,37,0,0,0,2,1,105.77,34.5,2,0
3365,1,64,1,0,1,2,0,77.56,28.4,0,0
3366,1,78,0,0,0,2,0,96.64,35.9,0,0
3367,0,40,0,0,1,2,0,103.07,25.6,1,0
3368,1,60,0,0,1,2,1,73.93,28.4,2,0
3369,0,27,1,0,0,3,1,87.87,34.9,0,0
3370,0,61,0,0,1,2,1,94.51,27.9,3,1
3371,0,51,1,0,0,4,1,78.06,32.4,2,0
3372,0,56,1,1,0,2,0,210.91,40.3,3,1
3373,0,36,0,0,1,0,0,87.97,28.4,1,0
3374,0,18,0,0,0,2,0,102.02,27.6,3,0
3375,1,57,0,0,1,2,0,99.66,38.7,1,0
3376,1,18,0,0,0,0,1,77.08,32.8,1,0
3377,0,42,0,0,1,3,0,99.78,24.0,0,0
3378,0,64,0,1,1,2,0,211.25,22.3,3,0
3379,0,51,1,0,1,2,0,200.29,25.1,2,1
3380,0,83,0,0,1,2,1,84.49,23.7,2,1
3381,0,66,0,0,1,3,0,221.05,30.0,2,0
3382,0,36,0,1,1,4,0,99.84,29.0,1,0
3383,0,48,0,0,1,2,1,89.98,30.3,2,0
3384,1,47,1,0,1,2,0,83.75,23.0,3,0
3385,0,19,0,0,0,4,0,162.19,28.0,2,0
3386,1,31,0,0,1,2,1,91.63,15.1,0,0
3387,0,37,1,0,1,3,0,73.97,29.4,0,0
3388,0,18,0,0,0,2,0,84.78,36.1,2,0
3389,0,48,1,0,0,3,0,86.77,19.2,3,0
3390,1,43,1,0,1,2,0,69.73,31.6,0,0
3391,1,18,0,0,0,2,0,77.42,24.5,2,0
3392,0,55,0,0,0,2,1,96.16,33.7,0,0
3393,1,60,0,0,0,0,1,90.14,29.5,3,0
3394,0,52,0,1,1,0,0,85.37,31.1,3,0
3395,1,42,0,0,1,3,0,76.33,28.9,2,0
3396,1,58,0,1,1,3,0,113.65,28.4,0,0
3397,1,60,0,1,1,2,1,205.68,30.8,1,0
3398,0,53,1,0,0,2,1,93.77,23.9,0,0
3399,0,33,0,0,1,0,0,82.68,29.1,0,0
3400,1,52,0,0,0,2,1,90.54,28.4,1,0
3401,1,69,0,0,1,2,0,96.86,29.6,2,0
3402,1,37,1,0,0,2,0,204.19,25.8,2,0
3403,1,85,1,0,1,2,0,89.9,24.1,2,1
3404,0,38,0,0,1,2,1,107.86,29.8,0,0
3405,0,48,0,0,1,0,0,116.42,28.9,2,0
3406,1,35,0,0,1,4,0,88.05,35.4,1,0
3407,1,52,0,1,1,4,1,90.63,25.8,2,1
3408,0,18,0,0,0,4,1,198.43,15.6,0,0
3409,0,38,0,1,1,4,1,158.3,26.1,1,0
3410,0,28,0,0,0,2,1,80.74,17.9,0,0
3411,1,50,0,1,1,2,0,80.72,31.2,0,0
3412,0,65,1,0,1,0,0,267.37,17.6,0,1
3413,1,59,0,0,0,2,0,74.83,28.4,2,0
3414,0,18,1,0,0,2,0,106.32,26.1,2,0
3415,0,84,0,0,1,2,0,178.87,38.5,2,1
3416,1,53,0,1,1,2,1,97.77,21.5,1,1
3417,1,34,0,0,1,2,0,86.15,28.6,0,0
3418,1,50,0,1,0,2,0,80.55,32.3,2,0
3419,1,51,0,0,1,2,0,189.14,38.1,2,0
3420,1,35,0,0,1,4,0,86.3,33.6,3,0
3421,1,51,0,1,0,3,0,177.23,35.6,2,0
3422,0,37,0,0,1,4,0,88.8,34.1,1,0
3423,0,40,0,0,1,2,0,92.9,20.6,2,0
3424,1,35,1,1,0,2,1,74.54,30.8,3,0
3425,0,22,0,0,0,3,0,81.53,34.0,1,0
3426,1,50,0,1,0,2,0,80.73,22.3,3,0
3427,0,58,0,1,1,3,1,196.63,24.7,2,1
3428,1,57,0,0,0,0,1,76.71,23.3,2,0
3429,0,62,0,1,0,0,0,63.66,33.5,0,1
3430,0,53,0,0,1,4,1,60.49,28.0,0,0
3431,0,38,0,1,1,2,1,237.91,26.4,3,0
3432,0,63,0,0,1,2,0,110.42,20.2,3,0
3433,1,23,0,0,0,2,0,90.24,28.1,2,0
3434,0,31,0,0,1,2,0,241.06,24.8,0,0
3435,1,30,0,0,1,2,1,98.05,30.1,0,0
3436,1,67,1,0,1,2,1,90.84,21.1,3,1
3437,1,64,1,1,0,2,1,88.88,29.7,0,0
3438,0,56,0,0,1,2,1,105.67,25.6,2,0
3439,1,67,1,0,1,2,1,226.6,20.4,3,0
3440,0,32,1,0,1,3,0,110.99,19.9,0,0
3441,0,54,0,0,1,3,0,99.31,20.8,2,0
3442,0,45,0,0,1,3,1,185.17,27.2,2,0
3443,0,63,1,0,1,3,1,82.54,29.3,0,0
3444,0,45,0,1,0,2,0,191.1,30.3,2,0
3445,1,41,1,0,0,2,0,108.26,30.5,0,0
3446,1,57,0,0,1,2,1,83.92,23.6,2,0
3447,1,63,0,0,1,0,0,78.02,35.4,3,0
3448,1,35,0,0,1,0,1,119.22,25.6,2,0
3449,1,46,0,0,1,2,1,198.84,31.4,2,0
3450,1,28,0,0,0,2,1,191.73,27.4,0,0
3451,0,18,1,0,0,4,0,118.35,30.9,0,0
3452,0,51,0,0,1,3,1,103.7,27.1,2,0
3453,1,58,0,1,0,0,1,90.41,31.1,2,0
3454,0,52,1,0,1,2,1,68.87,28.5,0,0
3455,1,18,0,0,0,2,0,82.5,33.8,0,0
3456,0,41,0,0,1,0,1,212.24,23.2,0,0
3457,0,18,0,0,0,3,1,72.43,17.0,3,0
3458,0,72,1,1,0,3,1,237.48,22.2,2,1
3459,1,28,0,0,0,2,1,225.03,28.4,0,1
3460,0,70,0,0,1,2,1,90.73,27.5,0,0
3461,0,65,0,0,1,0,1,188.6,29.1,1,1
3462,0,31,1,0,1,2,1,97.45,21.7,1,0
3463,0,27,0,0,0,2,0,72.63,28.9,3,0
3464,0,54,0,0,1,4,1,122.47,21.9,0,1
3465,1,32,0,0,1,2,1,109.76,22.8,0,0
3466,1,49,0,1,1,2,1,104.76,25.9,0,0
3467,1,39,0,1,1,3,0,157.43,31.4,1,0
3468,0,18,0,0,0,1,0,163.49,32.1,3,1
3469,0,18,0,0,0,2,0,108.14,32.3,0,0
3470,1,52,0,0,1,2,0,149.93,18.2,2,0
3471,0,37,0,0,1,0,0,74.97,28.5,1,0
3472,0,38,0,0,1,0,0,213.0,27.2,3,0
3473,0,60,0,1,1,0,0,83.22,18.5,0,0
3474,0,69,0,1,1,2,1,80.95,28.6,2,0
3475,0,43,0,0,1,2,1,112.93,26.9,2,0
3476,1,41,0,0,1,3,0,61.18,31.8,2,0
3477,0,57,1,0,1,4,0,99.84,29.0,2,0
3478,1,23,1,0,0,4,1,70.62,24.9,2,0
3479,0,52,0,0,1,2,0,75.58,34.5,3,0
3480,1,57,1,0,1,2,1,59.85,14.1,0,1
3481,0,60,0,0,1,2,1,181.57,28.1,3,0
3482,0,18,1,0,0,4,1,112.66,17.0,2,0
3483,1,34,0,0,1,3,1,93.97,22.6,0,0
3484,0,32,0,0,1,2,1,72.02,31.9,3,0
3485,0,49,0,1,0,2,0,105.26,20.2,2,0
3486,0,56,0,0,0,2,0,108.47,19.2,2,0
3487,0,74,1,1,1,2,0,180.65,44.0,0,1
3488,0,39,0,0,0,0,1,120.52,19.7,0,0
3489,1,39,0,0,1,0,0,102.32,39.2,3,0
3490,1,68,0,0,0,2,1,223.12,27.4,2,0
3491,1,53,0,1,1,2,1,175.33,25.1,0,0
3492,0,70,0,0,1,4,0,99.41,32.2,2,0
3493,1,53,0,1,1,2,1,93.25,37.2,0,0
3494,0,27,1,0,0,2,1,97.8,21.1,3,0
3495,0,24,0,0,0,4,1,79.73,25.2,2,0
3496,0,20,0,0,0,0,0,91.92,28.4,2,0
3497,0,59,1,1,1,0,1,77.75,30.4,2,1
3498,0,69,0,1,1,2,0,57.79,35.7,2,1
3499,1,81,0,0,0,2,0,104.97,31.8,2,0
